Europawahl  13. Juni 2004;;;;;;;;(Stand 21.06.2004 17:00);;;;;;;;;;;;;;;;
Nr.;Name;Wahlbe-;abgegeb.;Wahlbet.;ungültige;;gültige;;SPÖ;;ÖVP;;FPÖ;;GRÜNE;;LINKE;;MARTIN;;erste Eingabe;;letzte Eingabe;
;;rechtigte;Stimmen;in %;Stimmen;in %;Stimmen;in %;Stimmen;Ant. %;Stimmen;Ant. %;Stimmen;Ant. %;Stimmen;Ant. %;Stimmen;Ant. %;Stimmen;Ant. %;Datum;Zeit;Datum;Zeit
40000;Land Oberösterreich                ;1.034.551;467.608;45,20;14.306;3,06;453.302;96,94;154.019;33,98;156.017;34,42;27.891;6,15;51.246;11,31;2.890;0,64;61.239;13,51;13.06.04;18:02:21;21.06.04;16:18:43
4A000;Wahlkreis Linz und Umgebung             ;236.004;98.809;41,87;2.349;2,38;96.460;97,62;39.366;40,81;22.312;23,13;5.235;5,43;13.997;14,51;930;0,96;14.620;15,16;13.06.04;18:02:21;21.06.04;16:09:24
4A099;Wahlkarten Linz und Umgebung  ;;1.604;;19;1,18;1.585;98,82;453;28,58;519;32,74;85;5,36;326;20,57;20;1,26;182;11,48;21.06.04;16:09:24;21.06.04;16:09:24
4B000;Wahlkreis Innviertel                    ;157.305;64.516;41,01;2.092;3,24;62.424;96,76;17.004;27,24;26.172;41,93;5.708;9,14;5.668;9,08;293;0,47;7.579;12,14;13.06.04;17:13:37;21.06.04;16:12:01
4B099;Wahlkarten Innviertel         ;;800;;2;0,25;798;99,75;163;20,43;330;41,35;56;7,02;158;19,80;8;1,00;83;10,40;21.06.04;16:12:01;21.06.04;16:12:01
4C000;Wahlkreis Hausruckviertel               ;251.787;112.825;44,81;3.600;3,19;109.225;96,81;35.718;32,70;38.043;34,83;7.564;6,93;11.751;10,76;595;0,54;15.554;14,24;13.06.04;17:42:35;21.06.04;16:13:36
4C099;Wahlkarten Hausruckviertel    ;;1.212;;11;0,91;1.201;99,09;300;24,98;442;36,80;64;5,33;245;20,40;9;0,75;141;11,74;21.06.04;16:13:36;21.06.04;16:13:36
4D000;Wahlkreis Traunviertel                  ;189.145;88.705;46,90;2.798;3,15;85.907;96,85;31.470;36,63;26.900;31,31;5.348;6,23;9.512;11,07;540;0,63;12.137;14,13;13.06.04;17:43:50;21.06.04;16:17:17
4D099;Wahlkarten Traunviertel       ;;1.246;;13;1,04;1.233;98,96;351;28,47;476;38,61;60;4,87;216;17,52;10;0,81;120;9,73;21.06.04;16:17:17;21.06.04;16:17:17
4E000;Wahlkreis Mühlviertel                   ;200.310;102.753;51,30;3.467;3,37;99.286;96,63;30.461;30,68;42.590;42,90;4.036;4,07;10.318;10,39;532;0,54;11.349;11,43;13.06.04;17:13:23;21.06.04;16:18:43
4E099;Wahlkarten Mühlviertel        ;;921;;12;1,30;909;98,70;228;25,08;408;44,88;18;1,98;164;18,04;13;1,43;78;8,58;21.06.04;16:18:43;21.06.04;16:18:43
40101;Linz                          ;138.741;52.982;38,19;1.066;2,01;51.916;97,99;21.843;42,07;10.910;21,01;2.787;5,37;8.445;16,27;625;1,20;7.306;14,07;13.06.04;17:58:13;14.06.04;16:44:15
40201;Steyr                         ;28.684;11.628;40,54;280;2,41;11.348;97,59;5.326;46,93;2.037;17,95;565;4,98;1.384;12,20;90;0,79;1.946;17,15;13.06.04;17:43:49;13.06.04;17:43:49
40301;Wels                          ;39.913;15.613;39,12;315;2,02;15.298;97,98;6.272;41,00;3.535;23,11;1.002;6,55;1.913;12,50;122;0,80;2.454;16,04;13.06.04;17:20:30;13.06.04;17:20:30
40400;Bezirk Braunau am Inn                ;70.855;27.113;38,27;928;3,42;26.185;96,58;7.944;30,34;10.243;39,12;2.038;7,78;2.446;9,34;136;0,52;3.378;12,90;13.06.04;17:13:37;13.06.04;17:13:37
40401;Altheim                       ;3.727;1.441;38,66;49;3,40;1.392;96,60;518;37,21;434;31,18;116;8,33;136;9,77;6;0,43;182;13,07;13.06.04;16:08:38;13.06.04;16:08:38
40402;Aspach                        ;1.766;772;43,71;25;3,24;747;96,76;146;19,54;448;59,97;51;6,83;38;5,09;3;0,40;61;8,17;13.06.04;13:10:40;13.06.04;13:10:40
40403;Auerbach                      ;387;164;42,38;12;7,32;152;92,68;23;15,13;104;68,42;8;5,26;11;7,24;0;0,00;6;3,95;13.06.04;12:03:40;13.06.04;12:03:40
40404;Braunau am Inn                ;12.036;4.580;38,05;123;2,69;4.457;97,31;1.799;40,36;905;20,31;365;8,19;631;14,16;43;0,96;714;16,02;13.06.04;17:13:37;13.06.04;17:13:37
40405;Burgkirchen                   ;1.919;771;40,18;17;2,20;754;97,80;194;25,73;346;45,89;73;9,68;60;7,96;0;0,00;81;10,74;13.06.04;14:03:52;13.06.04;14:03:52
40406;Eggelsberg                    ;1.574;465;29,54;25;5,38;440;94,62;84;19,09;203;46,14;40;9,09;60;13,64;0;0,00;53;12,05;13.06.04;13:53:07;13.06.04;13:53:07
40407;Feldkirchen bei Mattighofen   ;1.399;467;33,38;17;3,64;450;96,36;89;19,78;214;47,56;67;14,89;35;7,78;1;0,22;44;9,78;13.06.04;12:47:55;13.06.04;12:47:55
40408;Franking                      ;622;279;44,86;10;3,58;269;96,42;41;15,24;165;61,34;14;5,20;20;7,43;3;1,12;26;9,67;13.06.04;13:11:06;13.06.04;13:11:06
40409;Geretsberg                    ;783;289;36,91;7;2,42;282;97,58;35;12,41;157;55,67;42;14,89;20;7,09;1;0,35;27;9,57;13.06.04;13:33:08;13.06.04;13:33:08
40410;Gilgenberg am Weilhart        ;925;294;31,78;10;3,40;284;96,60;43;15,14;170;59,86;28;9,86;16;5,63;0;0,00;27;9,51;13.06.04;14:29:18;13.06.04;14:29:18
40411;Haigermoos                    ;419;216;51,55;9;4,17;207;95,83;36;17,39;110;53,14;10;4,83;22;10,63;0;0,00;29;14,01;13.06.04;12:38:26;13.06.04;12:38:26
40412;Handenberg                    ;1.020;382;37,45;17;4,45;365;95,55;66;18,08;194;53,15;39;10,68;13;3,56;3;0,82;50;13,70;13.06.04;14:11:55;13.06.04;14:11:55
40413;Helpfau-Uttendorf             ;2.300;752;32,70;25;3,32;727;96,68;213;29,30;302;41,54;65;8,94;47;6,46;7;0,96;93;12,79;13.06.04;13:39:02;13.06.04;13:39:02
40414;Hochburg-Ach                  ;2.210;922;41,72;21;2,28;901;97,72;171;18,98;470;52,16;48;5,33;104;11,54;7;0,78;101;11,21;13.06.04;15:38:24;13.06.04;15:38:24
40415;Höhnhart                      ;1.083;398;36,75;7;1,76;391;98,24;88;22,51;202;51,66;49;12,53;21;5,37;0;0,00;31;7,93;13.06.04;13:28:12;13.06.04;13:28:12
40416;Jeging                        ;456;222;48,68;7;3,15;215;96,85;61;28,37;97;45,12;12;5,58;10;4,65;0;0,00;35;16,28;13.06.04;13:23:44;13.06.04;13:23:44
40417;Kirchberg bei Mattighofen     ;790;296;37,47;10;3,38;286;96,62;41;14,34;147;51,40;30;10,49;22;7,69;0;0,00;46;16,08;13.06.04;14:44:03;13.06.04;14:44:03
40418;Lengau                        ;3.225;1.200;37,21;49;4,08;1.151;95,92;496;43,09;302;26,24;57;4,95;124;10,77;9;0,78;163;14,16;13.06.04;15:07:59;13.06.04;15:07:59
40419;Lochen                        ;1.791;723;40,37;32;4,43;691;95,57;145;20,98;341;49,35;46;6,66;61;8,83;6;0,87;92;13,31;13.06.04;15:13:54;13.06.04;15:13:54
40420;Maria Schmolln                ;1.044;454;43,49;23;5,07;431;94,93;96;22,27;249;57,77;17;3,94;31;7,19;0;0,00;38;8,82;13.06.04;12:38:44;13.06.04;12:38:44
40421;Mattighofen                   ;3.440;1.282;37,27;42;3,28;1.240;96,72;555;44,76;284;22,90;87;7,02;127;10,24;7;0,56;180;14,52;13.06.04;15:08:23;13.06.04;15:08:23
40422;Mauerkirchen                  ;1.578;636;40,30;7;1,10;629;98,90;224;35,61;162;25,76;93;14,79;60;9,54;1;0,16;89;14,15;13.06.04;14:53:23;13.06.04;14:53:23
40423;Mining                        ;894;375;41,95;16;4,27;359;95,73;92;25,63;168;46,80;26;7,24;35;9,75;5;1,39;33;9,19;13.06.04;13:59:31;13.06.04;13:59:31
40424;Moosbach                      ;672;286;42,56;12;4,20;274;95,80;38;13,87;140;51,09;50;18,25;18;6,57;0;0,00;28;10,22;13.06.04;14:11:03;13.06.04;14:11:03
40425;Moosdorf                      ;1.079;366;33,92;10;2,73;356;97,27;136;38,20;125;35,11;22;6,18;39;10,96;1;0,28;33;9,27;13.06.04;13:11:24;13.06.04;13:11:24
40426;Munderfing                    ;1.951;903;46,28;39;4,32;864;95,68;265;30,67;377;43,63;38;4,40;72;8,33;3;0,35;109;12,62;13.06.04;13:53:21;13.06.04;13:53:21
40427;Neukirchen an der Enknach     ;1.596;587;36,78;18;3,07;569;96,93;160;28,12;246;43,23;45;7,91;41;7,21;1;0,18;76;13,36;13.06.04;13:33:46;13.06.04;13:33:46
40428;Ostermiething                 ;2.173;784;36,08;41;5,23;743;94,77;225;30,28;316;42,53;45;6,06;56;7,54;2;0,27;99;13,32;13.06.04;14:14:51;13.06.04;14:14:51
40429;Palting                       ;659;232;35,20;7;3,02;225;96,98;37;16,44;120;53,33;16;7,11;14;6,22;1;0,44;37;16,44;13.06.04;12:54:03;13.06.04;12:54:03
40430;Perwang am Grabensee          ;550;216;39,27;6;2,78;210;97,22;46;21,90;109;51,90;10;4,76;18;8,57;3;1,43;24;11,43;13.06.04;12:34:30;13.06.04;12:34:30
40431;Pfaffstätt                    ;697;273;39,17;10;3,66;263;96,34;72;27,38;103;39,16;15;5,70;26;9,89;2;0,76;45;17,11;13.06.04;13:18:51;13.06.04;13:18:51
40432;Pischelsdorf am Engelbach     ;1.238;482;38,93;22;4,56;460;95,44;79;17,17;249;54,13;50;10,87;28;6,09;5;1,09;49;10,65;13.06.04;13:53:35;13.06.04;13:53:35
40433;Polling im Innkreis           ;705;254;36,03;10;3,94;244;96,06;66;27,05;121;49,59;26;10,66;1;0,41;0;0,00;30;12,30;13.06.04;14:14:28;13.06.04;14:14:28
40434;Roßbach                       ;714;282;39,50;12;4,26;270;95,74;72;26,67;147;54,44;14;5,19;12;4,44;3;1,11;22;8,15;13.06.04;12:47:31;13.06.04;12:47:31
40435;St.Georgen am Fillmannsbach   ;291;111;38,14;3;2,70;108;97,30;12;11,11;48;44,44;36;33,33;2;1,85;0;0,00;10;9,26;13.06.04;12:24:11;13.06.04;12:24:11
40436;St.Johann am Walde            ;1.587;540;34,03;20;3,70;520;96,30;193;37,12;230;44,23;30;5,77;37;7,12;0;0,00;30;5,77;13.06.04;13:19:14;13.06.04;13:19:14
40437;St.Pantaleon                  ;2.223;911;40,98;28;3,07;883;96,93;383;43,37;236;26,73;36;4,08;75;8,49;4;0,45;149;16,87;13.06.04;15:49:35;13.06.04;15:49:35
40438;St.Peter am Hart              ;1.730;598;34,57;28;4,68;570;95,32;159;27,89;199;34,91;32;5,61;81;14,21;2;0,35;97;17,02;13.06.04;13:59:47;13.06.04;13:59:47
40439;St.Radegund                   ;464;255;54,96;9;3,53;246;96,47;35;14,23;180;73,17;0;0,00;21;8,54;2;0,81;8;3,25;13.06.04;13:33:27;13.06.04;13:33:27
40440;St.Veit im Innkreis           ;303;163;53,80;9;5,52;154;94,48;47;30,52;76;49,35;11;7,14;4;2,60;0;0,00;16;10,39;13.06.04;12:01:20;13.06.04;12:01:20
40441;Schalchen                     ;2.639;831;31,49;29;3,49;802;96,51;305;38,03;196;24,44;46;5,74;102;12,72;2;0,25;151;18,83;13.06.04;13:44:03;13.06.04;13:44:03
40442;Schwand im Innkreis           ;663;299;45,10;8;2,68;291;97,32;67;23,02;156;53,61;20;6,87;14;4,81;0;0,00;34;11,68;13.06.04;13:13:39;13.06.04;13:13:39
40443;Tarsdorf                      ;1.453;476;32,76;11;2,31;465;97,69;86;18,49;262;56,34;24;5,16;42;9,03;2;0,43;49;10,54;13.06.04;13:44:21;13.06.04;13:44:21
40444;Treubach                      ;565;279;49,38;12;4,30;267;95,70;28;10,49;188;70,41;27;10,11;10;3,75;1;0,37;13;4,87;13.06.04;12:22:18;13.06.04;12:22:18
40445;Überackern                    ;442;188;42,53;7;3,72;181;96,28;51;28,18;75;41,44;19;10,50;4;2,21;0;0,00;32;17,68;13.06.04;12:43:10;13.06.04;12:43:10
40446;Weng im Innkreis              ;1.073;417;38,86;17;4,08;400;95,92;126;31,50;170;42,50;43;10,75;25;6,25;0;0,00;36;9,00;13.06.04;13:19:33;13.06.04;13:19:33
40500;Bezirk Eferding                      ;23.210;10.863;46,80;295;2,72;10.568;97,28;3.595;34,02;3.884;36,75;636;6,02;1.006;9,52;45;0,43;1.402;13,27;13.06.04;17:19:06;13.06.04;17:19:06
40501;Alkoven                       ;3.981;1.900;47,73;51;2,68;1.849;97,32;782;42,29;446;24,12;109;5,90;177;9,57;13;0,70;322;17,41;13.06.04;17:19:06;13.06.04;17:19:06
40502;Aschach an der Donau          ;1.625;733;45,11;19;2,59;714;97,41;301;42,16;191;26,75;53;7,42;81;11,34;4;0,56;84;11,76;13.06.04;16:04:24;13.06.04;16:04:24
40503;Eferding                      ;2.609;1.259;48,26;36;2,86;1.223;97,14;459;37,53;397;32,46;85;6,95;141;11,53;5;0,41;136;11,12;13.06.04;16:43:31;13.06.04;16:43:31
40504;Fraham                        ;1.515;601;39,67;7;1,16;594;98,84;252;42,42;170;28,62;40;6,73;61;10,27;2;0,34;69;11,62;13.06.04;14:05:44;13.06.04;14:05:44
40505;Haibach ob der Donau          ;995;440;44,22;9;2,05;431;97,95;135;31,32;198;45,94;15;3,48;39;9,05;0;0,00;44;10,21;13.06.04;13:12:20;13.06.04;13:30:53
40506;Hartkirchen                   ;3.080;1.404;45,58;39;2,78;1.365;97,22;391;28,64;574;42,05;72;5,27;118;8,64;1;0,07;209;15,31;13.06.04;16:16:49;13.06.04;16:16:49
40507;Hinzenbach                    ;1.431;620;43,33;22;3,55;598;96,45;223;37,29;239;39,97;26;4,35;40;6,69;1;0,17;69;11,54;13.06.04;15:10:45;13.06.04;15:10:45
40508;Prambachkirchen               ;2.095;1.040;49,64;22;2,12;1.018;97,88;265;26,03;517;50,79;50;4,91;88;8,64;8;0,79;90;8,84;13.06.04;15:13:23;13.06.04;15:13:23
40509;Pupping                       ;1.409;722;51,24;17;2,35;705;97,65;214;30,35;279;39,57;54;7,66;54;7,66;5;0,71;99;14,04;13.06.04;13:49:34;13.06.04;13:49:34
40510;St.Marienkirchen an d. Polsenz;1.691;781;46,19;41;5,25;740;94,75;211;28,51;307;41,49;42;5,68;74;10,00;3;0,41;103;13,92;13.06.04;13:01:59;13.06.04;13:01:59
40511;Scharten                      ;1.546;815;52,72;11;1,35;804;98,65;274;34,08;245;30,47;69;8,58;103;12,81;3;0,37;110;13,68;13.06.04;15:58:56;13.06.04;15:58:56
40512;Stroheim                      ;1.233;548;44,44;21;3,83;527;96,17;88;16,70;321;60,91;21;3,98;30;5,69;0;0,00;67;12,71;13.06.04;14:02:35;13.06.04;14:02:35
40600;Bezirk Freistadt                     ;48.540;24.438;50,35;881;3,61;23.557;96,39;7.302;31,00;10.312;43,77;923;3,92;2.307;9,79;142;0,60;2.571;10,91;13.06.04;17:13:23;13.06.04;17:13:23
40601;Freistadt                     ;5.547;2.659;47,94;82;3,08;2.577;96,92;835;32,40;904;35,08;132;5,12;373;14,47;20;0,78;313;12,15;13.06.04;16:36:05;13.06.04;16:36:05
40602;Grünbach                      ;1.333;616;46,21;24;3,90;592;96,10;133;22,47;276;46,62;35;5,91;51;8,61;1;0,17;96;16,22;13.06.04;16:48:42;13.06.04;16:48:42
40603;Gutau                         ;2.013;952;47,29;29;3,05;923;96,95;299;32,39;420;45,50;42;4,55;85;9,21;4;0,43;73;7,91;13.06.04;16:42:22;13.06.04;16:42:22
40604;Hagenberg im Mühlkreis        ;1.913;904;47,26;28;3,10;876;96,90;326;37,21;233;26,60;28;3,20;154;17,58;10;1,14;125;14,27;13.06.04;16:59:01;13.06.04;16:59:01
40605;Hirschbach im Mühlkreis       ;892;531;59,53;18;3,39;513;96,61;124;24,17;247;48,15;21;4,09;64;12,48;4;0,78;53;10,33;13.06.04;13:56:21;13.06.04;14:13:21
40606;Kaltenberg                    ;481;320;66,53;25;7,81;295;92,19;24;8,14;231;78,31;15;5,08;7;2,37;0;0,00;18;6,10;13.06.04;14:37:59;13.06.04;14:37:59
40607;Kefermarkt                    ;1.573;823;52,32;39;4,74;784;95,26;273;34,82;334;42,60;26;3,32;62;7,91;3;0,38;86;10,97;13.06.04;15:45:41;13.06.04;15:45:41
40608;Königswiesen                  ;2.385;1.113;46,67;34;3,05;1.079;96,95;282;26,14;591;54,77;61;5,65;59;5,47;2;0,19;84;7,78;13.06.04;14:03:35;13.06.04;14:03:35
40609;Lasberg                       ;2.117;1.142;53,94;50;4,38;1.092;95,62;275;25,18;533;48,81;40;3,66;109;9,98;5;0,46;130;11,90;13.06.04;15:27:17;13.06.04;15:27:17
40610;Leopoldschlag                 ;796;466;58,54;27;5,79;439;94,21;69;15,72;257;58,54;24;5,47;39;8,88;5;1,14;45;10,25;13.06.04;13:44:57;13.06.04;13:44:57
40611;Liebenau                      ;1.389;744;53,56;26;3,49;718;96,51;221;30,78;403;56,13;14;1,95;31;4,32;2;0,28;47;6,55;13.06.04;15:28:08;13.06.04;15:28:08
40612;Neumarkt im Mühlkreis         ;2.287;1.188;51,95;39;3,28;1.149;96,72;338;29,42;491;42,73;56;4,87;130;11,31;9;0,78;125;10,88;13.06.04;17:13:23;13.06.04;17:13:23
40613;Pierbach                      ;753;327;43,43;9;2,75;318;97,25;85;26,73;177;55,66;7;2,20;10;3,14;4;1,26;35;11,01;13.06.04;13:16:47;13.06.04;13:16:47
40614;Pregarten                     ;3.704;1.689;45,60;54;3,20;1.635;96,80;617;37,74;545;33,33;75;4,59;180;11,01;7;0,43;211;12,91;13.06.04;16:09:31;13.06.04;16:09:31
40615;Rainbach im Mühlkreis         ;2.166;1.189;54,89;32;2,69;1.157;97,31;322;27,83;589;50,91;40;3,46;105;9,08;7;0,61;94;8,12;13.06.04;16:21:11;13.06.04;16:21:11
40616;Sandl                         ;1.111;584;52,57;23;3,94;561;96,06;258;45,99;178;31,73;14;2,50;45;8,02;3;0,53;63;11,23;13.06.04;16:12:41;13.06.04;16:12:41
40617;St.Leonhard bei Freistadt     ;1.147;589;51,35;21;3,57;568;96,43;175;30,81;282;49,65;13;2,29;40;7,04;2;0,35;56;9,86;13.06.04;16:21:27;13.06.04;16:21:27
40618;St.Oswald bei Freistadt       ;1.976;914;46,26;39;4,27;875;95,73;324;37,03;381;43,54;27;3,09;53;6,06;5;0,57;85;9,71;13.06.04;16:09:42;13.06.04;16:09:42
40619;Schönau im Mühlkreis          ;1.390;728;52,37;30;4,12;698;95,88;186;26,65;355;50,86;16;2,29;58;8,31;2;0,29;81;11,60;13.06.04;16:13:03;13.06.04;16:13:03
40620;Tragwein                      ;2.246;1.274;56,72;26;2,04;1.248;97,96;471;37,74;535;42,87;30;2,40;91;7,29;13;1,04;108;8,65;13.06.04;15:09:42;13.06.04;15:09:42
40621;Unterweißenbach               ;1.804;774;42,90;31;4,01;743;95,99;187;25,17;413;55,59;27;3,63;49;6,59;4;0,54;63;8,48;13.06.04;16:21:48;13.06.04;16:21:48
40622;Unterweitersdorf              ;1.332;709;53,23;11;1,55;698;98,45;299;42,84;210;30,09;15;2,15;83;11,89;3;0,43;88;12,61;13.06.04;16:36:14;13.06.04;16:36:14
40623;Waldburg                      ;1.045;509;48,71;23;4,52;486;95,48;140;28,81;236;48,56;17;3,50;41;8,44;3;0,62;49;10,08;13.06.04;14:57:47;13.06.04;14:57:47
40624;Wartberg ob der Aist          ;2.956;1.483;50,17;53;3,57;1.430;96,43;545;38,11;415;29,02;68;4,76;178;12,45;12;0,84;212;14,83;13.06.04;16:49:41;13.06.04;17:07:33
40625;Weitersfelden                 ;851;490;57,58;13;2,65;477;97,35;111;23,27;288;60,38;3;0,63;27;5,66;4;0,84;44;9,22;13.06.04;14:43:05;13.06.04;14:43:05
40626;Windhaag bei Freistadt        ;1.284;718;55,92;36;5,01;682;94,99;157;23,02;359;52,64;43;6,30;51;7,48;2;0,29;70;10,26;13.06.04;14:04:00;13.06.04;14:04:00
40627;Bad Zell                      ;2.049;1.003;48,95;59;5,88;944;94,12;226;23,94;429;45,44;34;3,60;132;13,98;6;0,64;117;12,39;13.06.04;13:57:56;13.06.04;13:57:56
40700;Bezirk Gmunden                       ;75.171;34.646;46,09;1.209;3,49;33.437;96,51;12.472;37,30;9.765;29,20;2.215;6,62;3.992;11,94;251;0,75;4.742;14,18;13.06.04;17:40:57;13.06.04;17:40:57
40701;Altmünster                    ;7.448;3.705;49,74;150;4,05;3.555;95,95;1.129;31,76;1.156;32,52;216;6,08;443;12,46;21;0,59;590;16,60;13.06.04;17:23:38;13.06.04;17:23:38
40702;Bad Goisern                   ;5.789;2.257;38,99;74;3,28;2.183;96,72;1.048;48,01;368;16,86;192;8,80;244;11,18;20;0,92;311;14,25;13.06.04;15:20:09;13.06.04;15:20:09
40703;Bad Ischl                     ;10.641;4.594;43,17;135;2,94;4.459;97,06;1.450;32,52;1.309;29,36;347;7,78;708;15,88;56;1,26;589;13,21;13.06.04;16:24:50;13.06.04;16:24:50
40704;Ebensee                       ;6.539;2.910;44,50;118;4,05;2.792;95,95;1.295;46,38;654;23,42;95;3,40;309;11,07;34;1,22;405;14,51;13.06.04;17:40:57;13.06.04;17:40:57
40705;Gmunden                       ;9.939;4.641;46,69;150;3,23;4.491;96,77;1.283;28,57;1.437;32,00;364;8,11;722;16,08;42;0,94;643;14,32;13.06.04;16:58:42;13.06.04;16:58:42
40706;Gosau                         ;1.492;723;48,46;16;2,21;707;97,79;360;50,92;169;23,90;33;4,67;44;6,22;1;0,14;100;14,14;13.06.04;16:02:31;13.06.04;16:02:31
40707;Grünau im Almtal              ;1.623;921;56,75;22;2,39;899;97,61;323;35,93;296;32,93;84;9,34;87;9,68;4;0,44;105;11,68;13.06.04;16:25:36;13.06.04;16:25:36
40708;Gschwandt                     ;1.846;876;47,45;25;2,85;851;97,15;271;31,84;320;37,60;67;7,87;82;9,64;5;0,59;106;12,46;13.06.04;16:12:33;13.06.04;16:12:33
40709;Hallstatt                     ;761;462;60,71;21;4,55;441;95,45;203;46,03;86;19,50;22;4,99;53;12,02;7;1,59;70;15,87;13.06.04;16:25:51;13.06.04;16:25:51
40710;Kirchham                      ;1.431;650;45,42;27;4,15;623;95,85;111;17,82;312;50,08;50;8,03;60;9,63;1;0,16;89;14,29;13.06.04;16:26:12;13.06.04;16:26:12
40711;Laakirchen                    ;6.481;3.054;47,12;113;3,70;2.941;96,30;1.488;50,60;647;22,00;134;4,56;241;8,19;11;0,37;420;14,28;13.06.04;16:02:50;13.06.04;16:02:50
40712;Obertraun                     ;590;339;57,46;7;2,06;332;97,94;181;54,52;62;18,67;7;2,11;31;9,34;5;1,51;46;13,86;13.06.04;16:12:54;13.06.04;16:12:54
40713;Ohlsdorf                      ;3.466;1.657;47,81;56;3,38;1.601;96,62;617;38,54;474;29,61;98;6,12;185;11,56;7;0,44;220;13,74;13.06.04;16:13:12;13.06.04;16:13:12
40714;Pinsdorf                      ;2.673;1.264;47,29;48;3,80;1.216;96,20;528;43,42;286;23,52;67;5,51;123;10,12;15;1,23;197;16,20;13.06.04;15:49:31;13.06.04;15:49:31
40715;Roitham                       ;1.507;674;44,72;24;3,56;650;96,44;218;33,54;226;34,77;60;9,23;45;6,92;3;0,46;98;15,08;13.06.04;15:24:42;13.06.04;15:24:42
40716;St.Konrad                     ;800;356;44,50;12;3,37;344;96,63;106;30,81;163;47,38;21;6,10;20;5,81;1;0,29;33;9,59;13.06.04;13:26:52;13.06.04;13:26:52
40717;St.Wolfgang im Salzkammergut  ;2.060;874;42,43;17;1,95;857;98,05;247;28,82;334;38,97;53;6,18;105;12,25;1;0,12;117;13,65;13.06.04;16:00:04;13.06.04;16:00:04
40718;Traunkirchen                  ;1.349;775;57,45;33;4,26;742;95,74;218;29,38;295;39,76;27;3,64;87;11,73;4;0,54;111;14,96;13.06.04;15:25:10;13.06.04;15:25:10
40719;Scharnstein                   ;3.488;1.611;46,19;60;3,72;1.551;96,28;626;40,36;432;27,85;146;9,41;149;9,61;7;0,45;191;12,31;13.06.04;16:13:29;13.06.04;16:13:29
40720;Vorchdorf                     ;5.248;2.303;43,88;101;4,39;2.202;95,61;770;34,97;739;33,56;132;5,99;254;11,53;6;0,27;301;13,67;13.06.04;16:03:10;13.06.04;16:03:10
40800;Bezirk Grieskirchen                  ;46.835;21.517;45,94;822;3,82;20.695;96,18;5.394;26,06;9.032;43,64;1.752;8,47;1.933;9,34;83;0,40;2.501;12,09;13.06.04;16:33:05;13.06.04;16:33:05
40801;Aistersheim                   ;584;238;40,75;7;2,94;231;97,06;49;21,21;117;50,65;25;10,82;10;4,33;1;0,43;29;12,55;13.06.04;12:42:42;13.06.04;12:42:53
40802;Bad Schallerbach              ;2.666;1.470;55,14;47;3,20;1.423;96,80;458;32,19;515;36,19;99;6,96;138;9,70;11;0,77;202;14,20;13.06.04;15:54:55;13.06.04;15:54:55
40803;Bruck-Waasen                  ;1.731;780;45,06;33;4,23;747;95,77;153;20,48;425;56,89;34;4,55;61;8,17;1;0,13;73;9,77;13.06.04;15:07:34;13.06.04;15:07:34
40804;Eschenau im Hausruckkreis     ;861;407;47,27;30;7,37;377;92,63;45;11,94;228;60,48;33;8,75;29;7,69;1;0,27;41;10,88;13.06.04;13:44:38;13.06.04;13:44:38
40805;Gallspach                     ;1.851;828;44,73;29;3,50;799;96,50;253;31,66;274;34,29;70;8,76;80;10,01;7;0,88;115;14,39;13.06.04;15:48:08;13.06.04;15:48:08
40806;Gaspoltshofen                 ;2.715;1.189;43,79;49;4,12;1.140;95,88;293;25,70;420;36,84;165;14,47;146;12,81;5;0,44;111;9,74;13.06.04;13:18:13;13.06.04;13:18:13
40807;Geboltskirchen                ;1.034;518;50,10;33;6,37;485;93,63;163;33,61;194;40,00;21;4,33;58;11,96;2;0,41;47;9,69;13.06.04;14:48:05;13.06.04;14:48:05
40808;Grieskirchen                  ;3.475;1.728;49,73;59;3,41;1.669;96,59;451;27,02;636;38,11;158;9,47;217;13,00;9;0,54;198;11,86;13.06.04;16:33:05;13.06.04;16:33:05
40809;Haag am Hausruck              ;1.573;717;45,58;23;3,21;694;96,79;212;30,55;270;38,90;50;7,20;66;9,51;1;0,14;95;13,69;13.06.04;12:53:09;13.06.04;12:53:09
40810;Heiligenberg                  ;519;287;55,30;15;5,23;272;94,77;12;4,41;192;70,59;24;8,82;14;5,15;0;0,00;30;11,03;13.06.04;12:43:04;13.06.04;12:43:04
40811;Hofkirchen an der Trattnach   ;1.069;537;50,23;15;2,79;522;97,21;128;24,52;222;42,53;59;11,30;35;6,70;2;0,38;76;14,56;13.06.04;14:48:21;13.06.04;14:48:21
40812;Kallham                       ;1.953;875;44,80;31;3,54;844;96,46;234;27,73;364;43,13;64;7,58;58;6,87;2;0,24;122;14,45;13.06.04;14:33:03;13.06.04;14:33:03
40813;Kematen am Innbach            ;945;427;45,19;18;4,22;409;95,78;91;22,25;150;36,67;65;15,89;28;6,85;1;0,24;74;18,09;13.06.04;14:52:16;13.06.04;14:52:16
40814;Meggenhofen                   ;931;427;45,86;17;3,98;410;96,02;53;12,93;268;65,37;34;8,29;30;7,32;0;0,00;25;6,10;13.06.04;13:12:42;13.06.04;13:12:42
40815;Michaelnbach                  ;982;389;39,61;22;5,66;367;94,34;58;15,80;205;55,86;21;5,72;29;7,90;3;0,82;51;13,90;13.06.04;13:27:57;13.06.04;13:27:57
40816;Natternbach                   ;1.803;835;46,31;35;4,19;800;95,81;260;32,50;321;40,13;43;5,38;58;7,25;8;1,00;110;13,75;13.06.04;14:29:12;13.06.04;14:29:12
40817;Neukirchen am Walde           ;1.258;586;46,58;21;3,58;565;96,42;117;20,71;290;51,33;40;7,08;45;7,96;2;0,35;71;12,57;13.06.04;15:17:48;13.06.04;15:17:48
40818;Neumarkt im Hausruckkreis     ;1.074;509;47,39;13;2,55;496;97,45;178;35,89;161;32,46;46;9,27;39;7,86;1;0,20;71;14,31;13.06.04;16:18:49;13.06.04;16:18:49
40819;Peuerbach                     ;1.671;634;37,94;18;2,84;616;97,16;141;22,89;269;43,67;75;12,18;56;9,09;1;0,16;74;12,01;13.06.04;14:43:40;13.06.04;14:43:40
40820;Pötting                       ;415;246;59,28;15;6,10;231;93,90;40;17,32;156;67,53;8;3,46;5;2,16;1;0,43;21;9,09;13.06.04;13:10:32;13.06.04;13:10:32
40821;Pollham                       ;675;276;40,89;16;5,80;260;94,20;37;14,23;146;56,15;24;9,23;36;13,85;1;0,38;16;6,15;13.06.04;12:51:26;13.06.04;12:51:26
40822;Pram                          ;1.336;566;42,37;19;3,36;547;96,64;113;20,66;229;41,86;87;15,90;69;12,61;4;0,73;45;8,23;13.06.04;12:53:15;13.06.04;12:53:15
40823;Rottenbach                    ;802;405;50,50;11;2,72;394;97,28;90;22,84;171;43,40;55;13,96;33;8,38;3;0,76;42;10,66;13.06.04;13:52:49;13.06.04;13:52:49
40824;St.Agatha                     ;1.649;659;39,96;19;2,88;640;97,12;114;17,81;378;59,06;18;2,81;40;6,25;3;0,47;87;13,59;13.06.04;13:12:57;13.06.04;13:12:57
40825;St.Georgen bei Grieskirchen   ;815;378;46,38;11;2,91;367;97,09;87;23,71;139;37,87;29;7,90;39;10,63;1;0,27;72;19,62;13.06.04;13:28:17;13.06.04;13:28:17
40826;St.Thomas                     ;325;167;51,38;8;4,79;159;95,21;32;20,13;83;52,20;6;3,77;9;5,66;0;0,00;29;18,24;13.06.04;12:17:47;13.06.04;12:17:47
40827;Schlüßlberg                   ;2.269;992;43,72;28;2,82;964;97,18;448;46,47;265;27,49;52;5,39;70;7,26;0;0,00;129;13,38;13.06.04;12:51:34;13.06.04;12:51:34
40828;Steegen                       ;847;365;43,09;19;5,21;346;94,79;70;20,23;196;56,65;20;5,78;28;8,09;0;0,00;32;9,25;13.06.04;14:33:10;13.06.04;14:33:10
40829;Taufkirchen an der Trattnach  ;1.543;596;38,63;28;4,70;568;95,30;136;23,94;254;44,72;71;12,50;45;7,92;3;0,53;59;10,39;13.06.04;14:44:00;13.06.04;14:44:00
40830;Tollet                        ;638;341;53,45;8;2,35;333;97,65;95;28,53;144;43,24;15;4,50;42;12,61;0;0,00;37;11,11;13.06.04;14:00:13;13.06.04;14:00:13
40831;Waizenkirchen                 ;2.824;1.261;44,65;51;4,04;1.210;95,96;251;20,74;643;53,14;57;4,71;133;10,99;6;0,50;120;9,92;13.06.04;14:38:03;13.06.04;14:38:03
40832;Wallern an der Trattnach      ;2.253;1.117;49,58;41;3,67;1.076;96,33;404;37,55;334;31,04;95;8,83;114;10,59;0;0,00;129;11,99;13.06.04;16:28:14;13.06.04;16:28:14
40833;Weibern                       ;1.153;458;39,72;15;3,28;443;96,72;87;19,64;210;47,40;34;7,67;59;13,32;3;0,68;50;11,29;13.06.04;14:07:21;13.06.04;14:07:21
40834;Wendling                      ;596;309;51,85;18;5,83;291;94,17;41;14,09;163;56,01;55;18,90;14;4,81;0;0,00;18;6,19;13.06.04;13:10:50;13.06.04;13:10:50
40900;Bezirk Kirchdorf an der Krems        ;40.850;19.239;47,10;589;3,06;18.650;96,94;6.167;33,07;6.912;37,06;1.351;7,24;1.787;9,58;72;0,39;2.361;12,66;13.06.04;16:33:30;13.06.04;16:33:30
40901;Edlbach                       ;491;279;56,82;9;3,23;270;96,77;73;27,04;127;47,04;18;6,67;18;6,67;0;0,00;34;12,59;13.06.04;15:04:41;13.06.04;15:04:41
40902;Grünburg                      ;2.785;1.189;42,69;45;3,78;1.144;96,22;407;35,58;397;34,70;94;8,22;88;7,69;1;0,09;157;13,72;13.06.04;14:54:52;13.06.04;14:54:52
40903;Hinterstoder                  ;794;342;43,07;8;2,34;334;97,66;74;22,16;143;42,81;43;12,87;31;9,28;2;0,60;41;12,28;13.06.04;14:55:59;13.06.04;14:55:59
40904;Inzersdorf im Kremstal        ;1.345;642;47,73;33;5,14;609;94,86;160;26,27;279;45,81;31;5,09;46;7,55;1;0,16;92;15,11;13.06.04;15:39:48;13.06.04;15:39:48
40905;Kirchdorf an der Krems        ;3.066;1.445;47,13;30;2,08;1.415;97,92;551;38,94;415;29,33;105;7,42;193;13,64;6;0,42;145;10,25;13.06.04;16:33:30;13.06.04;16:33:30
40906;Klaus an der Pyhrnbahn        ;854;464;54,33;11;2,37;453;97,63;238;52,54;100;22,08;32;7,06;18;3,97;1;0,22;64;14,13;13.06.04;14:25:22;13.06.04;14:25:22
40907;Kremsmünster                  ;4.567;2.110;46,20;63;2,99;2.047;97,01;524;25,60;889;43,43;143;6,99;163;7,96;8;0,39;320;15,63;13.06.04;15:49:16;13.06.04;15:49:16
40908;Micheldorf in Oberösterreich  ;4.235;1.957;46,21;57;2,91;1.900;97,09;819;43,11;439;23,11;129;6,79;245;12,89;12;0,63;256;13,47;13.06.04;15:43:16;13.06.04;15:43:16
40909;Molln                         ;2.715;1.319;48,58;37;2,81;1.282;97,19;535;41,73;373;29,10;72;5,62;133;10,37;3;0,23;166;12,95;13.06.04;14:48:07;13.06.04;14:48:07
40910;Nußbach                       ;1.678;781;46,54;20;2,56;761;97,44;188;24,70;421;55,32;26;3,42;60;7,88;1;0,13;65;8,54;13.06.04;15:15:06;13.06.04;15:15:06
40911;Oberschlierbach               ;355;163;45,92;1;0,61;162;99,39;46;28,40;87;53,70;5;3,09;13;8,02;2;1,23;9;5,56;13.06.04;12:43:08;13.06.04;12:43:08
40912;Pettenbach                    ;3.409;1.517;44,50;66;4,35;1.451;95,65;414;28,53;483;33,29;157;10,82;161;11,10;16;1,10;220;15,16;13.06.04;16:20:12;13.06.04;16:20:12
40913;Ried im Traunkreis            ;1.890;875;46,30;31;3,54;844;96,46;213;25,24;407;48,22;63;7,46;67;7,94;1;0,12;93;11,02;13.06.04;15:05:15;13.06.04;15:05:15
40914;Rosenau am Hengstpaß          ;528;252;47,73;6;2,38;246;97,62;125;50,81;65;26,42;9;3,66;20;8,13;0;0,00;27;10,98;13.06.04;16:11:37;13.06.04;16:11:37
40915;Roßleithen                    ;1.388;726;52,31;17;2,34;709;97,66;288;40,62;236;33,29;56;7,90;54;7,62;0;0,00;75;10,58;13.06.04;16:13:48;13.06.04;16:13:48
40916;St.Pankraz                    ;277;165;59,57;3;1,82;162;98,18;61;37,65;33;20,37;37;22,84;4;2,47;1;0,62;26;16,05;13.06.04;12:06:30;13.06.04;12:06:30
40917;Schlierbach                   ;2.015;928;46,05;14;1,51;914;98,49;234;25,60;351;38,40;68;7,44;142;15,54;6;0,66;113;12,36;13.06.04;15:08:29;13.06.04;15:08:29
40918;Spital am Pyhrn               ;1.741;805;46,24;17;2,11;788;97,89;309;39,21;298;37,82;58;7,36;37;4,70;2;0,25;84;10,66;13.06.04;15:58:10;13.06.04;15:58:10
40919;Steinbach am Ziehberg         ;635;309;48,66;13;4,21;296;95,79;61;20,61;152;51,35;33;11,15;17;5,74;1;0,34;32;10,81;13.06.04;14:09:25;13.06.04;14:09:25
40920;Steinbach an der Steyr        ;1.511;742;49,11;20;2,70;722;97,30;201;27,84;344;47,65;44;6,09;50;6,93;2;0,28;81;11,22;13.06.04;15:33:04;13.06.04;15:33:04
40921;Vorderstoder                  ;607;261;43,00;5;1,92;256;98,08;63;24,61;105;41,02;27;10,55;32;12,50;2;0,78;27;10,55;13.06.04;14:41:43;13.06.04;14:41:43
40922;Wartberg an der Krems         ;2.183;979;44,85;48;4,90;931;95,10;213;22,88;456;48,98;54;5,80;93;9,99;2;0,21;113;12,14;13.06.04;14:09:53;13.06.04;14:09:53
40923;Windischgarsten               ;1.781;989;55,53;35;3,54;954;96,46;370;38,78;312;32,70;47;4,93;102;10,69;2;0,21;121;12,68;13.06.04;16:18:57;13.06.04;16:18:57
41000;Bezirk Linz-Land                     ;97.263;44.223;45,47;1.264;2,86;42.959;97,14;17.070;39,74;10.883;25,33;2.363;5,50;5.226;12,17;285;0,66;7.132;16,60;13.06.04;18:02:21;13.06.04;18:02:21
41001;Allhaming                     ;762;391;51,31;15;3,84;376;96,16;105;27,93;192;51,06;14;3,72;21;5,59;2;0,53;42;11,17;13.06.04;13:30:16;13.06.04;13:30:16
41002;Ansfelden                     ;10.795;4.579;42,42;138;3,01;4.441;96,99;2.037;45,87;766;17,25;319;7,18;478;10,76;31;0,70;810;18,24;13.06.04;18:02:21;13.06.04;18:02:21
41003;Asten                         ;4.581;1.848;40,34;61;3,30;1.787;96,70;933;52,21;291;16,28;85;4,76;138;7,72;13;0,73;327;18,30;13.06.04;16:43:48;13.06.04;16:43:48
41004;Eggendorf im Traunkreis       ;552;298;53,99;5;1,68;293;98,32;103;35,15;116;39,59;13;4,44;18;6,14;1;0,34;42;14,33;13.06.04;13:57:43;13.06.04;13:57:43
41005;Enns                          ;7.690;3.635;47,27;103;2,83;3.532;97,17;1.454;41,17;827;23,41;176;4,98;421;11,92;20;0,57;634;17,95;13.06.04;17:53:02;13.06.04;17:53:02
41006;Hargelsberg                   ;871;473;54,31;12;2,54;461;97,46;140;30,37;177;38,39;19;4,12;48;10,41;2;0,43;75;16,27;13.06.04;15:13:34;13.06.04;15:13:34
41007;Hörsching                     ;4.090;1.809;44,23;51;2,82;1.758;97,18;706;40,16;418;23,78;103;5,86;176;10,01;13;0,74;342;19,45;13.06.04;17:03:23;13.06.04;17:03:23
41008;Hofkirchen im Traunkreis      ;1.097;588;53,60;18;3,06;570;96,94;175;30,70;226;39,65;25;4,39;56;9,82;2;0,35;86;15,09;13.06.04;16:19:29;13.06.04;16:19:29
41009;Kematen an der Krems          ;1.617;846;52,32;33;3,90;813;96,10;276;33,95;302;37,15;45;5,54;67;8,24;1;0,12;122;15,01;13.06.04;16:27:28;13.06.04;16:27:28
41010;Kirchberg-Thening             ;1.709;941;55,06;19;2,02;922;97,98;430;46,64;186;20,17;83;9,00;123;13,34;8;0,87;92;9,98;13.06.04;15:24:47;13.06.04;15:24:47
41011;Kronstorf                     ;2.294;1.155;50,35;34;2,94;1.121;97,06;478;42,64;285;25,42;55;4,91;102;9,10;0;0,00;201;17,93;13.06.04;16:12:56;13.06.04;16:12:56
41012;Leonding                      ;17.246;7.462;43,27;195;2,61;7.267;97,39;2.620;36,05;1.819;25,03;459;6,32;1.186;16,32;66;0,91;1.117;15,37;13.06.04;16:13:16;13.06.04;16:13:16
41013;St.Florian                    ;4.330;2.348;54,23;89;3,79;2.259;96,21;706;31,25;823;36,43;72;3,19;326;14,43;9;0,40;323;14,30;13.06.04;16:52:43;13.06.04;16:52:43
41014;Neuhofen an der Krems         ;4.102;1.838;44,81;53;2,88;1.785;97,12;585;32,77;547;30,64;114;6,39;293;16,41;13;0,73;233;13,05;13.06.04;16:27:41;13.06.04;16:27:41
41015;Niederneukirchen              ;1.370;768;56,06;21;2,73;747;97,27;204;27,31;370;49,53;21;2,81;66;8,84;5;0,67;81;10,84;13.06.04;16:10:59;13.06.04;16:10:59
41016;Oftering                      ;1.447;749;51,76;16;2,14;733;97,86;332;45,29;188;25,65;44;6,00;79;10,78;2;0,27;88;12,01;13.06.04;16:37:48;13.06.04;16:37:48
41017;Pasching                      ;4.858;2.187;45,02;51;2,33;2.136;97,67;870;40,73;457;21,40;128;5,99;272;12,73;5;0,23;404;18,91;13.06.04;17:50:31;13.06.04;17:50:31
41018;Piberbach                     ;1.294;581;44,90;10;1,72;571;98,28;235;41,16;182;31,87;27;4,73;51;8,93;1;0,18;75;13,13;13.06.04;15:17:34;13.06.04;15:17:34
41019;Pucking                       ;2.652;1.135;42,80;28;2,47;1.107;97,53;422;38,12;286;25,84;65;5,87;105;9,49;7;0,63;222;20,05;13.06.04;16:11:19;13.06.04;16:11:19
41020;St.Marien                     ;3.250;1.683;51,78;60;3,57;1.623;96,43;567;34,94;574;35,37;61;3,76;188;11,58;8;0,49;225;13,86;13.06.04;15:57:43;13.06.04;15:57:43
41021;Traun                         ;16.587;6.779;40,87;202;2,98;6.577;97,02;3.064;46,59;1.157;17,59;346;5,26;658;10,00;54;0,82;1.298;19,74;13.06.04;17:22:50;13.06.04;17:22:50
41022;Wilhering                     ;4.069;2.130;52,35;50;2,35;2.080;97,65;628;30,19;694;33,37;89;4,28;354;17,02;22;1,06;293;14,09;13.06.04;15:25:07;13.06.04;15:25:07
41100;Bezirk Perg                          ;47.941;25.423;53,03;818;3,22;24.605;96,78;9.750;39,63;9.207;37,42;908;3,69;1.930;7,84;121;0,49;2.689;10,93;13.06.04;17:08:17;13.06.04;17:08:17
41101;Allerheiligen im Mühlkreis    ;871;465;53,39;16;3,44;449;96,56;152;33,85;214;47,66;10;2,23;23;5,12;6;1,34;44;9,80;13.06.04;13:59:33;13.06.04;13:59:33
41102;Arbing                        ;990;547;55,25;21;3,84;526;96,16;160;30,42;258;49,05;20;3,80;44;8,37;2;0,38;42;7,98;13.06.04;16:58:28;13.06.04;16:58:28
41103;Baumgartenberg                ;1.091;619;56,74;19;3,07;600;96,93;198;33,00;292;48,67;28;4,67;35;5,83;0;0,00;47;7,83;13.06.04;15:37:50;13.06.04;15:37:50
41104;Dimbach                       ;810;510;62,96;19;3,73;491;96,27;162;32,99;274;55,80;12;2,44;15;3,05;0;0,00;28;5,70;13.06.04;12:54:37;13.06.04;12:54:37
41105;Grein                         ;2.352;1.189;50,55;36;3,03;1.153;96,97;452;39,20;412;35,73;35;3,04;84;7,29;8;0,69;162;14,05;13.06.04;15:22:14;13.06.04;15:22:14
41106;Katsdorf                      ;2.091;1.116;53,37;29;2,60;1.087;97,40;461;42,41;351;32,29;28;2,58;103;9,48;8;0,74;136;12,51;13.06.04;16:18:18;13.06.04;16:18:18
41107;Klam                          ;593;279;47,05;13;4,66;266;95,34;69;25,94;134;50,38;18;6,77;16;6,02;1;0,38;28;10,53;13.06.04;13:08:20;13.06.04;13:08:20
41108;Bad Kreuzen                   ;1.603;896;55,90;42;4,69;854;95,31;119;13,93;600;70,26;26;3,04;32;3,75;1;0,12;76;8,90;13.06.04;14:36:23;13.06.04;14:36:23
41109;Langenstein                   ;1.952;955;48,92;34;3,56;921;96,44;527;57,22;190;20,63;23;2,50;54;5,86;5;0,54;122;13,25;13.06.04;17:08:17;13.06.04;17:08:17
41110;Luftenberg an der Donau       ;2.901;1.419;48,91;38;2,68;1.381;97,32;682;49,38;236;17,09;56;4,06;142;10,28;8;0,58;257;18,61;13.06.04;15:59:34;13.06.04;15:59:34
41111;Mauthausen                    ;3.563;1.850;51,92;55;2,97;1.795;97,03;940;52,37;418;23,29;58;3,23;148;8,25;9;0,50;222;12,37;13.06.04;16:18:27;13.06.04;16:18:27
41112;Mitterkirchen im Machland     ;1.352;677;50,07;14;2,07;663;97,93;253;38,16;297;44,80;24;3,62;34;5,13;1;0,15;54;8,14;13.06.04;15:38:07;13.06.04;15:38:07
41113;Münzbach                      ;1.213;660;54,41;37;5,61;623;94,39;138;22,15;359;57,62;30;4,82;28;4,49;4;0,64;64;10,27;13.06.04;16:15:58;13.06.04;16:15:58
41114;Naarn im Machlande            ;2.526;1.178;46,63;32;2,72;1.146;97,28;414;36,13;483;42,15;34;2,97;66;5,76;4;0,35;145;12,65;13.06.04;16:18:35;13.06.04;16:18:35
41115;Pabneukirchen                 ;1.260;668;53,02;33;4,94;635;95,06;158;24,88;358;56,38;24;3,78;38;5,98;2;0,31;55;8,66;13.06.04;14:08:49;13.06.04;14:08:49
41116;Perg                          ;5.297;2.784;52,56;79;2,84;2.705;97,16;1.056;39,04;898;33,20;135;4,99;283;10,46;21;0,78;312;11,53;13.06.04;16:49:23;13.06.04;16:49:23
41117;Rechberg                      ;610;404;66,23;8;1,98;396;98,02;88;22,22;257;64,90;9;2,27;24;6,06;0;0,00;18;4,55;13.06.04;12:54:56;13.06.04;12:54:56
41118;Ried in der Riedmark          ;2.905;1.561;53,73;48;3,07;1.513;96,93;677;44,75;539;35,62;31;2,05;137;9,05;10;0,66;119;7,87;13.06.04;17:03:20;13.06.04;17:03:20
41119;St.Georgen am Walde           ;1.632;901;55,21;25;2,77;876;97,23;375;42,81;382;43,61;21;2,40;41;4,68;0;0,00;57;6,51;13.06.04;13:14:52;13.06.04;13:14:52
41120;St.Georgen an der Gusen       ;2.761;1.543;55,89;50;3,24;1.493;96,76;713;47,76;358;23,98;40;2,68;187;12,53;8;0,54;187;12,53;13.06.04;16:58:44;13.06.04;16:58:44
41121;St.Nikola an der Donau        ;614;410;66,78;16;3,90;394;96,10;129;32,74;188;47,72;7;1,78;31;7,87;3;0,76;36;9,14;13.06.04;13:44:30;13.06.04;13:44:30
41122;St.Thomas am Blasenstein      ;675;346;51,26;10;2,89;336;97,11;78;23,21;222;66,07;8;2,38;8;2,38;1;0,30;19;5,65;13.06.04;12:45:10;13.06.04;12:45:10
41123;Saxen                         ;1.311;756;57,67;34;4,50;722;95,50;197;27,29;256;35,46;133;18,42;47;6,51;3;0,42;86;11,91;13.06.04;16:16:25;13.06.04;16:16:25
41124;Schwertberg                   ;3.826;2.020;52,80;66;3,27;1.954;96,73;1.003;51,33;458;23,44;60;3,07;191;9,77;12;0,61;230;11,77;13.06.04;15:59:16;13.06.04;15:59:16
41125;Waldhausen im Strudengau      ;2.158;1.158;53,66;27;2,33;1.131;97,67;443;39,17;486;42,97;22;1,95;94;8,31;1;0,09;85;7,52;13.06.04;15:38:22;13.06.04;15:38:22
41126;Windhaag bei Perg             ;984;512;52,03;17;3,32;495;96,68;106;21,41;287;57,98;16;3,23;25;5,05;3;0,61;58;11,72;13.06.04;15:38:40;13.06.04;15:38:40
41200;Bezirk Ried im Innkreis              ;43.716;18.710;42,80;626;3,35;18.084;96,65;4.571;25,28;7.688;42,51;1.918;10,61;1.756;9,71;70;0,39;2.081;11,51;13.06.04;16:08:45;13.06.04;16:08:45
41201;Andrichsfurt                  ;541;202;37,34;11;5,45;191;94,55;16;8,38;121;63,35;20;10,47;14;7,33;1;0,52;19;9,95;13.06.04;11:40:28;13.06.04;11:40:28
41202;Antiesenhofen                 ;769;308;40,05;3;0,97;305;99,03;76;24,92;120;39,34;45;14,75;25;8,20;1;0,33;38;12,46;13.06.04;12:44:41;13.06.04;12:44:41
41203;Aurolzmünster                 ;2.172;763;35,13;35;4,59;728;95,41;228;31,32;241;33,10;97;13,32;39;5,36;8;1,10;115;15,80;13.06.04;14:23:03;13.06.04;14:23:03
41204;Eberschwang                   ;2.565;1.140;44,44;45;3,95;1.095;96,05;443;40,46;325;29,68;126;11,51;81;7,40;2;0,18;118;10,78;13.06.04;14:58:25;13.06.04;14:58:25
41205;Eitzing                       ;542;268;49,45;8;2,99;260;97,01;61;23,46;130;50,00;18;6,92;17;6,54;2;0,77;32;12,31;13.06.04;12:57:31;13.06.04;12:57:31
41206;Geiersberg                    ;409;228;55,75;10;4,39;218;95,61;35;16,06;119;54,59;23;10,55;13;5,96;1;0,46;27;12,39;13.06.04;11:40:56;13.06.04;11:40:56
41207;Geinberg                      ;981;426;43,43;13;3,05;413;96,95;103;24,94;162;39,23;72;17,43;38;9,20;0;0,00;38;9,20;13.06.04;13:39:42;13.06.04;13:39:42
41208;Gurten                        ;863;421;48,78;15;3,56;406;96,44;97;23,89;189;46,55;55;13,55;29;7,14;1;0,25;35;8,62;13.06.04;12:28:41;13.06.04;12:28:41
41209;Hohenzell                     ;1.528;672;43,98;18;2,68;654;97,32;115;17,58;353;53,98;40;6,12;78;11,93;0;0,00;68;10,40;13.06.04;14:23:47;13.06.04;14:23:47
41210;Kirchdorf am Inn              ;469;238;50,75;5;2,10;233;97,90;42;18,03;157;67,38;9;3,86;3;1,29;0;0,00;22;9,44;13.06.04;12:48:06;13.06.04;12:48:06
41211;Kirchheim im Innkreis         ;520;249;47,88;11;4,42;238;95,58;55;23,11;127;53,36;18;7,56;14;5,88;0;0,00;24;10,08;13.06.04;12:57:45;13.06.04;12:57:45
41212;Lambrechten                   ;1.001;429;42,86;21;4,90;408;95,10;68;16,67;230;56,37;52;12,75;20;4,90;1;0,25;37;9,07;13.06.04;13:58:32;13.06.04;13:58:32
41213;Lohnsburg am Kobernaußerwald  ;1.775;652;36,73;20;3,07;632;96,93;121;19,15;333;52,69;61;9,65;44;6,96;0;0,00;73;11,55;13.06.04;13:08:36;13.06.04;13:08:36
41214;Mehrnbach                     ;1.795;681;37,94;26;3,82;655;96,18;144;21,98;247;37,71;117;17,86;59;9,01;1;0,15;87;13,28;13.06.04;13:08:53;13.06.04;13:08:53
41215;Mettmach                      ;1.896;747;39,40;33;4,42;714;95,58;211;29,55;290;40,62;102;14,29;31;4,34;4;0,56;76;10,64;13.06.04;14:24:02;13.06.04;14:24:02
41216;Mörschwang                    ;233;126;54,08;11;8,73;115;91,27;11;9,57;75;65,22;6;5,22;13;11,30;0;0,00;10;8,70;13.06.04;11:41:16;13.06.04;11:41:16
41217;Mühlheim am Inn               ;507;251;49,51;7;2,79;244;97,21;75;30,74;80;32,79;35;14,34;23;9,43;1;0,41;30;12,30;13.06.04;12:56:59;13.06.04;12:56:59
41218;Neuhofen im Innkreis          ;1.594;687;43,10;21;3,06;666;96,94;172;25,83;255;38,29;55;8,26;94;14,11;5;0,75;85;12,76;13.06.04;14:24:15;13.06.04;14:24:15
41219;Obernberg am Inn              ;1.242;508;40,90;7;1,38;501;98,62;150;29,94;199;39,72;32;6,39;51;10,18;2;0,40;67;13,37;13.06.04;14:58:42;13.06.04;14:58:42
41220;Ort im Innkreis               ;896;379;42,30;9;2,37;370;97,63;81;21,89;161;43,51;56;15,14;24;6,49;0;0,00;48;12,97;13.06.04;13:39:55;13.06.04;13:39:55
41221;Pattigham                     ;657;255;38,81;6;2,35;249;97,65;49;19,68;136;54,62;17;6,83;23;9,24;1;0,40;23;9,24;13.06.04;11:47:29;13.06.04;11:47:29
41222;Peterskirchen                 ;531;258;48,59;10;3,88;248;96,12;20;8,06;180;72,58;16;6,45;13;5,24;6;2,42;13;5,24;13.06.04;13:58:16;13.06.04;13:58:16
41223;Pramet                        ;751;343;45,67;10;2,92;333;97,08;101;30,33;129;38,74;35;10,51;23;6,91;0;0,00;45;13,51;13.06.04;12:57:09;13.06.04;12:57:09
41224;Reichersberg                  ;1.056;452;42,80;12;2,65;440;97,35;88;20,00;189;42,95;46;10,45;43;9,77;0;0,00;74;16,82;13.06.04;12:49:11;13.06.04;12:49:11
41225;Ried im Innkreis              ;8.426;3.617;42,93;93;2,57;3.524;97,43;999;28,35;1.060;30,08;433;12,29;568;16,12;20;0,57;444;12,60;13.06.04;16:08:45;13.06.04;16:08:45
41226;St.Georgen b. Obernberg am Inn;446;204;45,74;6;2,94;198;97,06;23;11,62;137;69,19;5;2,53;19;9,60;0;0,00;14;7,07;13.06.04;12:49:23;13.06.04;12:49:23
41227;St.Marienkirchen am Hausruck  ;553;314;56,78;21;6,69;293;93,31;38;12,97;171;58,36;44;15,02;17;5,80;1;0,34;22;7,51;13.06.04;13:39:05;13.06.04;13:39:05
41228;St.Martin im Innkreis         ;1.170;479;40,94;18;3,76;461;96,24;129;27,98;162;35,14;69;14,97;35;7,59;3;0,65;63;13,67;13.06.04;15:17:42;13.06.04;15:17:42
41229;Schildorn                     ;783;353;45,08;9;2,55;344;97,45;106;30,81;167;48,55;7;2,03;26;7,56;3;0,87;35;10,17;13.06.04;12:44:59;13.06.04;12:44:59
41230;Senftenbach                   ;558;245;43,91;8;3,27;237;96,73;51;21,52;108;45,57;27;11,39;25;10,55;0;0,00;26;10,97;13.06.04;12:45:35;13.06.04;12:45:35
41231;Taiskirchen im Innkreis       ;1.793;732;40,83;17;2,32;715;97,68;151;21,12;392;54,83;36;5,03;65;9,09;3;0,42;68;9,51;13.06.04;14:24:55;13.06.04;14:24:55
41232;Tumeltsham                    ;1.093;485;44,37;23;4,74;462;95,26;75;16,23;217;46,97;42;9,09;76;16,45;1;0,22;51;11,04;13.06.04;13:58:54;13.06.04;13:58:54
41233;Utzenaich                     ;1.074;507;47,21;27;5,33;480;94,67;106;22,08;228;47,50;46;9,58;36;7,50;2;0,42;62;12,92;13.06.04;13:59:05;13.06.04;13:59:05
41234;Waldzell                      ;1.596;599;37,53;16;2,67;583;97,33;213;36,54;254;43,57;29;4,97;32;5,49;0;0,00;55;9,43;13.06.04;12:57:57;13.06.04;12:57:57
41235;Weilbach                      ;480;262;54,58;10;3,82;252;96,18;50;19,84;153;60,71;8;3,17;24;9,52;0;0,00;17;6,75;13.06.04;13:09:07;13.06.04;13:09:07
41236;Wippenham                     ;451;230;51,00;11;4,78;219;95,22;68;31,05;91;41,55;19;8,68;21;9,59;0;0,00;20;9,13;13.06.04;12:45:49;13.06.04;12:45:49
41300;Bezirk Rohrbach                      ;43.459;21.909;50,41;731;3,34;21.178;96,66;5.116;24,16;11.246;53,10;823;3,89;1.728;8,16;64;0,30;2.201;10,39;13.06.04;16:38:06;13.06.04;16:38:06
41301;Afiesl                        ;311;204;65,59;5;2,45;199;97,55;48;24,12;112;56,28;2;1,01;11;5,53;0;0,00;26;13,07;13.06.04;13:47:38;13.06.04;13:47:38
41302;Ahorn                         ;381;242;63,52;6;2,48;236;97,52;46;19,49;120;50,85;23;9,75;16;6,78;3;1,27;28;11,86;13.06.04;12:38:25;13.06.04;12:38:25
41303;Aigen im Mühlkreis            ;1.471;678;46,09;24;3,54;654;96,46;179;27,37;308;47,09;28;4,28;64;9,79;6;0,92;69;10,55;13.06.04;15:02:21;13.06.04;15:02:21
41304;Altenfelden                   ;1.646;759;46,11;38;5,01;721;94,99;190;26,35;292;40,50;59;8,18;86;11,93;0;0,00;94;13,04;13.06.04;14:22:20;13.06.04;14:22:20
41305;Arnreit                       ;807;450;55,76;13;2,89;437;97,11;67;15,33;272;62,24;22;5,03;26;5,95;0;0,00;50;11,44;13.06.04;14:13:18;13.06.04;14:13:18
41306;Atzesberg                     ;355;179;50,42;15;8,38;164;91,62;19;11,59;122;74,39;7;4,27;6;3,66;0;0,00;10;6,10;13.06.04;13:47:48;13.06.04;13:47:48
41307;Auberg                        ;400;218;54,50;5;2,29;213;97,71;23;10,80;132;61,97;29;13,62;10;4,69;0;0,00;19;8,92;13.06.04;12:42:19;13.06.04;12:42:19
41308;Berg bei Rohrbach             ;2.033;946;46,53;39;4,12;907;95,88;190;20,95;449;49,50;43;4,74;102;11,25;6;0,66;117;12,90;13.06.04;14:49:44;13.06.04;14:49:44
41309;Haslach an der Mühl           ;2.050;1.111;54,20;56;5,04;1.055;94,96;449;42,56;354;33,55;32;3,03;117;11,09;1;0,09;102;9,67;13.06.04;14:13:31;13.06.04;14:13:31
41310;Helfenberg                    ;779;488;62,64;20;4,10;468;95,90;118;25,21;240;51,28;7;1,50;46;9,83;2;0,43;55;11,75;13.06.04;13:37:52;13.06.04;13:37:52
41311;Hörbich                       ;306;160;52,29;5;3,13;155;96,88;18;11,61;119;76,77;2;1,29;2;1,29;0;0,00;14;9,03;13.06.04;13:47:59;13.06.04;13:47:59
41312;Hofkirchen im Mühlkreis       ;1.109;537;48,42;10;1,86;527;98,14;102;19,35;308;58,44;18;3,42;57;10,82;4;0,76;38;7,21;13.06.04;13:52:46;13.06.04;13:52:46
41313;Julbach                       ;1.253;621;49,56;7;1,13;614;98,87;264;43,00;264;43,00;20;3,26;23;3,75;4;0,65;39;6,35;13.06.04;13:57:44;13.06.04;13:57:44
41314;Kirchberg ob der Donau        ;842;465;55,23;7;1,51;458;98,49;133;29,04;218;47,60;16;3,49;34;7,42;6;1,31;51;11,14;13.06.04;13:48:13;13.06.04;13:48:13
41315;Klaffer am Hochficht          ;991;386;38,95;8;2,07;378;97,93;156;41,27;156;41,27;17;4,50;15;3,97;0;0,00;34;8,99;13.06.04;13:33:12;13.06.04;13:33:12
41316;Kleinzell im Mühlkreis        ;1.109;579;52,21;21;3,63;558;96,37;186;33,33;233;41,76;19;3,41;54;9,68;0;0,00;66;11,83;13.06.04;13:58:02;13.06.04;13:58:02
41317;Kollerschlag                  ;1.112;530;47,66;13;2,45;517;97,55;120;23,21;318;61,51;21;4,06;14;2,71;0;0,00;44;8,51;13.06.04;15:01:13;13.06.04;15:01:13
41318;Lembach im Mühlkreis          ;1.195;613;51,30;18;2,94;595;97,06;156;26,22;291;48,91;34;5,71;45;7,56;1;0,17;68;11,43;13.06.04;16:02:37;13.06.04;16:02:37
41319;Lichtenau im Mühlkreis        ;418;221;52,87;17;7,69;204;92,31;41;20,10;136;66,67;5;2,45;3;1,47;0;0,00;19;9,31;13.06.04;13:38:01;13.06.04;13:38:01
41320;Nebelberg                     ;483;303;62,73;8;2,64;295;97,36;69;23,39;202;68,47;4;1,36;10;3,39;0;0,00;10;3,39;13.06.04;15:12:35;13.06.04;15:12:35
41321;Neufelden                     ;933;476;51,02;16;3,36;460;96,64;122;26,52;211;45,87;15;3,26;62;13,48;5;1,09;45;9,78;13.06.04;13:48:25;13.06.04;13:48:25
41322;Niederkappel                  ;786;437;55,60;12;2,75;425;97,25;80;18,82;276;64,94;11;2,59;13;3,06;1;0,24;44;10,35;13.06.04;13:33:24;13.06.04;13:33:24
41323;Niederwaldkirchen             ;1.332;696;52,25;24;3,45;672;96,55;118;17,56;394;58,63;23;3,42;65;9,67;0;0,00;72;10,71;13.06.04;13:48:35;13.06.04;13:48:35
41324;Oberkappel                    ;506;235;46,44;2;0,85;233;99,15;38;16,31;151;64,81;8;3,43;16;6,87;1;0,43;19;8,15;13.06.04;13:38:23;13.06.04;13:38:23
41325;Oepping                       ;1.205;538;44,65;14;2,60;524;97,40;109;20,80;300;57,25;11;2,10;44;8,40;5;0,95;55;10,50;13.06.04;14:04:57;13.06.04;14:04:57
41326;Peilstein im Mühlviertel      ;1.262;678;53,72;29;4,28;649;95,72;149;22,96;391;60,25;23;3,54;30;4,62;0;0,00;56;8,63;13.06.04;16:38:06;13.06.04;16:38:06
41327;Pfarrkirchen im Mühlkreis     ;1.105;556;50,32;11;1,98;545;98,02;100;18,35;357;65,50;10;1,83;27;4,95;1;0,18;50;9,17;13.06.04;14:05:07;13.06.04;14:05:07
41328;Putzleinsdorf                 ;1.170;527;45,04;8;1,52;519;98,48;72;13,87;300;57,80;32;6,17;39;7,51;3;0,58;73;14,07;13.06.04;15:17:31;13.06.04;15:17:31
41329;Neustift im Mühlkreis         ;1.118;570;50,98;19;3,33;551;96,67;109;19,78;378;68,60;7;1,27;25;4,54;0;0,00;32;5,81;13.06.04;14:43:10;13.06.04;14:43:10
41330;Rohrbach in Oberösterreich    ;1.807;936;51,80;39;4,17;897;95,83;193;21,52;422;47,05;31;3,46;137;15,27;1;0,11;113;12,60;13.06.04;16:02:52;13.06.04;16:02:52
41331;St.Johann am Wimberg          ;753;355;47,14;11;3,10;344;96,90;84;24,42;194;56,40;13;3,78;17;4,94;1;0,29;35;10,17;13.06.04;13:37:40;13.06.04;13:37:40
41332;St.Martin im Mühlkreis        ;2.660;1.274;47,89;39;3,06;1.235;96,94;305;24,70;579;46,88;43;3,48;127;10,28;3;0,24;178;14,41;13.06.04;16:08:22;13.06.04;16:08:22
41333;St.Oswald bei Haslach         ;411;232;56,45;9;3,88;223;96,12;63;28,25;126;56,50;11;4,93;11;4,93;0;0,00;12;5,38;13.06.04;13:42:32;13.06.04;13:42:32
41334;St.Peter am Wimberg           ;1.302;685;52,61;20;2,92;665;97,08;120;18,05;405;60,90;16;2,41;50;7,52;0;0,00;74;11,13;13.06.04;13:48:45;13.06.04;13:48:45
41335;St.Stefan am Walde            ;638;379;59,40;14;3,69;365;96,31;91;24,93;208;56,99;12;3,29;34;9,32;1;0,27;19;5,21;13.06.04;12:42:33;13.06.04;12:42:33
41336;St.Ulrich im Mühlkreis        ;469;278;59,28;8;2,88;270;97,12;49;18,15;158;58,52;8;2,96;31;11,48;1;0,37;23;8,52;13.06.04;12:42:44;13.06.04;12:42:44
41337;St.Veit im Mühlkreis          ;913;422;46,22;13;3,08;409;96,92;95;23,23;220;53,79;25;6,11;31;7,58;0;0,00;38;9,29;13.06.04;12:35:10;13.06.04;12:35:10
41338;Sarleinsbach                  ;1.722;902;52,38;33;3,66;869;96,34;105;12,08;564;64,90;50;5,75;64;7,36;2;0,23;84;9,67;13.06.04;16:24:23;13.06.04;16:24:23
41339;Schlägl                       ;1.058;478;45,18;24;5,02;454;94,98;130;28,63;222;48,90;7;1,54;39;8,59;1;0,22;55;12,11;13.06.04;14:32:36;13.06.04;14:32:36
41340;Schönegg                      ;408;243;59,56;5;2,06;238;97,94;92;38,66;116;48,74;4;1,68;6;2,52;0;0,00;20;8,40;13.06.04;13:33:34;13.06.04;13:33:34
41341;Schwarzenberg am Böhmerwald   ;507;290;57,20;9;3,10;281;96,90;62;22,06;182;64,77;13;4,63;8;2,85;0;0,00;16;5,69;13.06.04;14:49:59;13.06.04;14:49:59
41342;Ulrichsberg                   ;2.343;1.032;44,05;37;3,59;995;96,41;256;25,73;446;44,82;42;4,22;111;11,16;5;0,50;135;13,57;13.06.04;14:52:39;13.06.04;14:52:39
41400;Bezirk Schärding                     ;42.734;17.893;41,87;536;3,00;17.357;97,00;4.326;24,92;7.911;45,58;1.696;9,77;1.308;7,54;79;0,46;2.037;11,74;13.06.04;17:09:19;13.06.04;17:09:19
41401;Altschwendt                   ;502;263;52,39;7;2,66;256;97,34;61;23,83;135;52,73;16;6,25;19;7,42;1;0,39;24;9,38;13.06.04;12:44:10;13.06.04;12:44:10
41402;Andorf                        ;3.678;1.440;39,15;46;3,19;1.394;96,81;463;33,21;530;38,02;159;11,41;94;6,74;5;0,36;143;10,26;13.06.04;16:07:22;13.06.04;16:07:22
41403;Brunnenthal                   ;1.469;547;37,24;8;1,46;539;98,54;134;24,86;212;39,33;64;11,87;61;11,32;3;0,56;65;12,06;13.06.04;15:17:47;13.06.04;15:17:47
41404;Diersbach                     ;1.235;526;42,59;15;2,85;511;97,15;89;17,42;219;42,86;62;12,13;53;10,37;10;1,96;78;15,26;13.06.04;15:18:22;13.06.04;15:18:22
41405;Dorf an der Pram              ;741;396;53,44;20;5,05;376;94,95;77;20,48;231;61,44;20;5,32;28;7,45;0;0,00;20;5,32;13.06.04;14:09:41;13.06.04;14:09:41
41406;Eggerding                     ;984;321;32,62;10;3,12;311;96,88;61;19,61;187;60,13;20;6,43;16;5,14;6;1,93;21;6,75;13.06.04;14:08:39;13.06.04;14:08:39
41407;Engelhartszell                ;850;456;53,65;16;3,51;440;96,49;98;22,27;208;47,27;34;7,73;40;9,09;2;0,45;58;13,18;13.06.04;14:44:55;13.06.04;14:44:55
41408;Enzenkirchen                  ;1.326;541;40,80;19;3,51;522;96,49;189;36,21;192;36,78;69;13,22;9;1,72;2;0,38;61;11,69;13.06.04;14:47:48;13.06.04;14:47:48
41409;Esternberg                    ;2.086;727;34,85;10;1,38;717;98,62;155;21,62;376;52,44;60;8,37;28;3,91;5;0,70;93;12,97;13.06.04;15:47:09;13.06.04;15:47:09
41410;Freinberg                     ;1.157;475;41,05;7;1,47;468;98,53;142;30,34;230;49,15;29;6,20;24;5,13;0;0,00;43;9,19;13.06.04;14:48:29;13.06.04;14:48:29
41411;Kopfing im Innkreis           ;1.583;588;37,14;19;3,23;569;96,77;119;20,91;265;46,57;77;13,53;27;4,75;5;0,88;76;13,36;13.06.04;15:02:59;13.06.04;15:02:59
41412;Mayrhof                       ;194;112;57,73;7;6,25;105;93,75;8;7,62;80;76,19;6;5,71;5;4,76;0;0,00;6;5,71;13.06.04;12:45:09;13.06.04;12:45:09
41413;Münzkirchen                   ;1.948;848;43,53;30;3,54;818;96,46;153;18,70;457;55,87;69;8,44;66;8,07;1;0,12;72;8,80;13.06.04;14:45:30;13.06.04;14:45:30
41414;Raab                          ;1.756;677;38,55;19;2,81;658;97,19;111;16,87;245;37,23;126;19,15;85;12,92;6;0,91;85;12,92;13.06.04;15:47:42;13.06.04;15:47:42
41415;Rainbach im Innkreis          ;1.139;512;44,95;8;1,56;504;98,44;123;24,40;272;53,97;40;7,94;30;5,95;1;0,20;38;7,54;13.06.04;15:48:13;13.06.04;15:48:13
41416;Riedau                        ;1.502;569;37,88;18;3,16;551;96,84;176;31,94;202;36,66;36;6,53;63;11,43;3;0,54;71;12,89;13.06.04;15:32:53;13.06.04;15:32:53
41417;St.Aegidi                     ;1.255;586;46,69;22;3,75;564;96,25;83;14,72;337;59,75;44;7,80;25;4,43;1;0,18;74;13,12;13.06.04;14:49:01;13.06.04;14:49:01
41418;St.Florian am Inn             ;2.285;975;42,67;17;1,74;958;98,26;333;34,76;348;36,33;71;7,41;71;7,41;4;0,42;131;13,67;13.06.04;15:48:43;13.06.04;15:48:43
41419;St.Marienkirchen bei Schärding;1.405;440;31,32;17;3,86;423;96,14;69;16,31;181;42,79;63;14,89;44;10,40;1;0,24;65;15,37;13.06.04;13:37:29;13.06.04;13:37:29
41420;St.Roman                      ;1.300;461;35,46;17;3,69;444;96,31;46;10,36;295;66,44;41;9,23;21;4,73;1;0,23;40;9,01;13.06.04;14:37:57;13.06.04;14:37:57
41421;St.Willibald                  ;881;366;41,54;11;3,01;355;96,99;82;23,10;176;49,58;30;8,45;14;3,94;1;0,28;52;14,65;13.06.04;14:17:44;13.06.04;14:17:44
41422;Schärding                     ;3.942;1.761;44,67;39;2,21;1.722;97,79;570;33,10;530;30,78;181;10,51;197;11,44;9;0,52;235;13,65;13.06.04;17:09:19;13.06.04;17:09:19
41423;Schardenberg                  ;1.680;733;43,63;38;5,18;695;94,82;124;17,84;391;56,26;60;8,63;42;6,04;1;0,14;77;11,08;13.06.04;17:03:40;13.06.04;17:03:40
41424;Sigharting                    ;595;309;51,93;13;4,21;296;95,79;60;20,27;138;46,62;46;15,54;15;5,07;0;0,00;37;12,50;13.06.04;13:16:49;13.06.04;13:16:49
41425;Suben                         ;900;404;44,89;6;1,49;398;98,51;103;25,88;176;44,22;32;8,04;29;7,29;2;0,50;56;14,07;13.06.04;14:37:18;13.06.04;14:37:18
41426;Taufkirchen an der Pram       ;2.144;917;42,77;36;3,93;881;96,07;264;29,97;338;38,37;98;11,12;72;8,17;2;0,23;107;12,15;13.06.04;16:07:54;13.06.04;16:07:54
41427;Vichtenstein                  ;484;225;46,49;5;2,22;220;97,78;33;15,00;125;56,82;33;15,00;6;2,73;1;0,45;22;10,00;13.06.04;13:47:29;13.06.04;13:47:29
41428;Waldkirchen am Wesen          ;1.022;539;52,74;18;3,34;521;96,66;137;26,30;260;49,90;43;8,25;22;4,22;0;0,00;59;11,32;13.06.04;14:18:04;13.06.04;14:18:04
41429;Wernstein am Inn              ;1.201;587;48,88;28;4,77;559;95,23;165;29,52;247;44,19;35;6,26;33;5,90;2;0,36;77;13,77;13.06.04;13:58:22;13.06.04;13:58:22
41430;Zell an der Pram              ;1.490;592;39,73;10;1,69;582;98,31;98;16,84;328;56,36;32;5,50;69;11,86;4;0,69;51;8,76;13.06.04;14:18:24;13.06.04;14:18:24
41500;Bezirk Steyr-Land                    ;44.440;21.946;49,38;707;3,22;21.239;96,78;7.154;33,68;7.710;36,30;1.157;5,45;2.133;10,04;117;0,55;2.968;13,97;13.06.04;16:28:31;13.06.04;16:41:43
41501;Adlwang                       ;1.203;559;46,47;23;4,11;536;95,89;90;16,79;282;52,61;41;7,65;58;10,82;4;0,75;61;11,38;13.06.04;14:24:09;13.06.04;14:24:09
41502;Aschach an der Steyr          ;1.596;768;48,12;17;2,21;751;97,79;195;25,97;301;40,08;35;4,66;111;14,78;4;0,53;105;13,98;13.06.04;15:01:21;13.06.04;15:01:21
41503;Bad Hall                      ;3.571;1.747;48,92;57;3,26;1.690;96,74;537;31,78;570;33,73;170;10,06;171;10,12;6;0,36;236;13,96;13.06.04;14:37:56;13.06.04;14:37:56
41504;Dietach                       ;1.916;903;47,13;41;4,54;862;95,46;260;30,16;311;36,08;39;4,52;100;11,60;4;0,46;148;17,17;13.06.04;13:48:26;13.06.04;13:48:26
41505;Gaflenz                       ;1.383;677;48,95;28;4,14;649;95,86;203;31,28;276;42,53;26;4,01;58;8,94;3;0,46;83;12,79;13.06.04;13:59:20;13.06.04;13:59:20
41506;Garsten                       ;4.840;2.475;51,14;68;2,75;2.407;97,25;742;30,83;819;34,03;124;5,15;367;15,25;24;1,00;331;13,75;13.06.04;15:08:20;13.06.04;15:08:20
41507;Großraming                    ;2.171;1.231;56,70;46;3,74;1.185;96,26;432;36,46;422;35,61;67;5,65;104;8,78;12;1,01;148;12,49;13.06.04;16:28:31;13.06.04;16:28:31
41508;Laussa                        ;989;501;50,66;17;3,39;484;96,61;127;26,24;205;42,36;49;10,12;43;8,88;3;0,62;57;11,78;13.06.04;15:28:35;13.06.04;16:41:43
41509;Losenstein                    ;1.361;675;49,60;20;2,96;655;97,04;232;35,42;237;36,18;33;5,04;67;10,23;3;0,46;83;12,67;13.06.04;15:02:20;13.06.04;15:02:20
41510;Maria Neustift                ;1.216;596;49,01;21;3,52;575;96,48;87;15,13;358;62,26;20;3,48;43;7,48;2;0,35;65;11,30;13.06.04;16:14:21;13.06.04;16:14:21
41511;Pfarrkirchen bei Bad Hall     ;1.621;720;44,42;27;3,75;693;96,25;201;29,00;245;35,35;46;6,64;81;11,69;3;0,43;117;16,88;13.06.04;14:50:30;13.06.04;14:50:30
41512;Reichraming                   ;1.474;812;55,09;25;3,08;787;96,92;450;57,18;138;17,53;40;5,08;60;7,62;2;0,25;97;12,33;13.06.04;16:07:27;13.06.04;16:07:27
41513;Rohr im Kremstal              ;910;451;49,56;9;2,00;442;98,00;113;25,57;198;44,80;18;4,07;56;12,67;0;0,00;57;12,90;13.06.04;13:50:59;13.06.04;13:50:59
41514;St.Ulrich bei Steyr           ;2.391;1.245;52,07;43;3,45;1.202;96,55;320;26,62;464;38,60;51;4,24;155;12,90;3;0,25;209;17,39;13.06.04;15:18:05;13.06.04;15:18:05
41515;Schiedlberg                   ;954;518;54,30;12;2,32;506;97,68;108;21,34;303;59,88;21;4,15;35;6,92;0;0,00;39;7,71;13.06.04;13:04:37;13.06.04;13:04:37
41516;Sierning                      ;6.752;3.111;46,08;93;2,99;3.018;97,01;1.359;45,03;811;26,87;151;5,00;216;7,16;17;0,56;464;15,37;13.06.04;15:02:53;13.06.04;15:02:53
41517;Ternberg                      ;2.565;1.193;46,51;43;3,60;1.150;96,40;372;32,35;439;38,17;72;6,26;102;8,87;9;0,78;156;13,57;13.06.04;15:54:50;13.06.04;15:54:50
41518;Waldneukirchen                ;1.633;791;48,44;25;3,16;766;96,84;208;27,15;347;45,30;49;6,40;46;6,01;1;0,13;115;15,01;13.06.04;14:05:42;13.06.04;14:05:42
41519;Weyer-Land                    ;1.832;936;51,09;25;2,67;911;97,33;436;47,86;239;26,23;28;3,07;79;8,67;4;0,44;125;13,72;13.06.04;15:23:37;13.06.04;15:23:37
41520;Weyer-Markt                   ;1.805;842;46,65;23;2,73;819;97,27;351;42,86;224;27,35;36;4,40;98;11,97;5;0,61;105;12,82;13.06.04;15:03:38;13.06.04;15:03:38
41521;Wolfern                       ;2.257;1.195;52,95;44;3,68;1.151;96,32;331;28,76;521;45,26;41;3,56;83;7,21;8;0,70;167;14,51;13.06.04;15:24:06;13.06.04;15:24:06
41600;Bezirk Urfahr-Umgebung               ;60.370;30.062;49,80;1.025;3,41;29.037;96,59;8.065;27,77;11.417;39,32;1.364;4,70;4.189;14,43;192;0,66;3.810;13,12;13.06.04;16:20:35;13.06.04;16:20:35
41601;Alberndorf in der Riedmark    ;2.736;1.247;45,58;51;4,09;1.196;95,91;308;25,75;518;43,31;58;4,85;139;11,62;9;0,75;164;13,71;13.06.04;14:15:29;13.06.04;14:15:29
41602;Altenberg bei Linz            ;3.168;1.692;53,41;86;5,08;1.606;94,92;364;22,67;742;46,20;78;4,86;232;14,45;9;0,56;181;11,27;13.06.04;15:08:13;13.06.04;15:08:13
41603;Bad Leonfelden                ;2.977;1.629;54,72;69;4,24;1.560;95,76;309;19,81;764;48,97;66;4,23;182;11,67;7;0,45;232;14,87;13.06.04;15:16:52;13.06.04;15:16:52
41604;Eidenberg                     ;1.380;727;52,68;34;4,68;693;95,32;125;18,04;414;59,74;21;3,03;44;6,35;1;0,14;88;12,70;13.06.04;14:02:51;13.06.04;14:02:51
41605;Engerwitzdorf                 ;5.962;2.734;45,86;109;3,99;2.625;96,01;832;31,70;806;30,70;120;4,57;393;14,97;17;0,65;457;17,41;13.06.04;16:16:41;13.06.04;16:16:41
41606;Feldkirchen an der Donau      ;3.985;2.078;52,15;58;2,79;2.020;97,21;704;34,85;677;33,51;160;7,92;190;9,41;7;0,35;282;13,96;13.06.04;15:19:59;13.06.04;15:19:59
41607;Gallneukirchen                ;4.659;2.220;47,65;77;3,47;2.143;96,53;609;28,42;586;27,34;89;4,15;517;24,13;25;1,17;317;14,79;13.06.04;16:03:41;13.06.04;16:03:41
41608;Goldwörth                     ;663;322;48,57;9;2,80;313;97,20;96;30,67;143;45,69;9;2,88;30;9,58;2;0,64;33;10,54;13.06.04;13:39:46;13.06.04;13:39:46
41609;Gramastetten                  ;3.571;1.813;50,77;46;2,54;1.767;97,46;385;21,79;816;46,18;74;4,19;274;15,51;16;0,91;202;11,43;13.06.04;15:36:14;13.06.04;15:36:14
41610;Haibach im Mühlkreis          ;609;335;55,01;15;4,48;320;95,52;82;25,63;158;49,38;12;3,75;22;6,88;2;0,63;44;13,75;13.06.04;13:53:15;13.06.04;13:53:15
41611;Hellmonsödt                   ;1.616;852;52,72;27;3,17;825;96,83;251;30,42;316;38,30;38;4,61;122;14,79;4;0,48;94;11,39;13.06.04;13:40:09;13.06.04;13:40:09
41612;Herzogsdorf                   ;1.797;858;47,75;24;2,80;834;97,20;185;22,18;434;52,04;37;4,44;56;6,71;8;0,96;114;13,67;13.06.04;14:01:29;13.06.04;14:01:29
41613;Kirchschlag bei Linz          ;1.493;773;51,77;20;2,59;753;97,41;174;23,11;322;42,76;42;5,58;125;16,60;5;0,66;85;11,29;13.06.04;16:18:55;13.06.04;16:18:55
41614;Lichtenberg                   ;1.881;987;52,47;24;2,43;963;97,57;244;25,34;391;40,60;46;4,78;179;18,59;3;0,31;100;10,38;13.06.04;15:48:00;13.06.04;15:48:00
41615;Oberneukirchen                ;2.361;1.119;47,40;35;3,13;1.084;96,87;266;24,54;501;46,22;49;4,52;145;13,38;4;0,37;119;10,98;13.06.04;15:06:28;13.06.04;15:06:28
41616;Ottenschlag im Mühlkreis      ;374;189;50,53;7;3,70;182;96,30;66;36,26;82;45,05;5;2,75;8;4,40;0;0,00;21;11,54;13.06.04;13:44:58;13.06.04;13:44:58
41617;Ottensheim                    ;3.325;1.594;47,94;33;2,07;1.561;97,93;410;26,27;498;31,90;93;5,96;378;24,22;19;1,22;163;10,44;13.06.04;15:21:35;13.06.04;15:21:35
41618;Puchenau                      ;3.703;1.809;48,85;44;2,43;1.765;97,57;499;28,27;534;30,25;106;6,01;368;20,85;16;0,91;242;13,71;13.06.04;16:01:13;13.06.04;16:01:13
41619;Reichenau im Mühlkreis        ;853;438;51,35;16;3,65;422;96,35;122;28,91;185;43,84;18;4,27;40;9,48;1;0,24;56;13,27;13.06.04;14:05:00;13.06.04;14:05:00
41620;Reichenthal                   ;1.052;535;50,86;22;4,11;513;95,89;141;27,49;280;54,58;15;2,92;29;5,65;3;0,58;45;8,77;13.06.04;14:08:47;13.06.04;14:08:47
41621;St.Gotthard im Mühlkreis      ;1.017;542;53,29;15;2,77;527;97,23;158;29,98;217;41,18;20;3,80;62;11,76;4;0,76;66;12,52;13.06.04;15:37:54;13.06.04;15:37:54
41622;Schenkenfelden                ;1.146;564;49,21;22;3,90;542;96,10;132;24,35;262;48,34;27;4,98;49;9,04;1;0,18;71;13,10;13.06.04;14:06:46;13.06.04;14:06:46
41623;Sonnberg im Mühlkreis         ;587;298;50,77;12;4,03;286;95,97;68;23,78;155;54,20;5;1,75;25;8,74;1;0,35;32;11,19;13.06.04;13:49:22;13.06.04;13:49:22
41624;Steyregg                      ;3.723;1.692;45,45;56;3,31;1.636;96,69;695;42,48;373;22,80;70;4,28;237;14,49;8;0,49;253;15,46;13.06.04;16:20:35;13.06.04;16:20:35
41625;Vorderweißenbach              ;1.529;867;56,70;34;3,92;833;96,08;143;17,17;486;58,34;40;4,80;53;6,36;6;0,72;105;12,61;13.06.04;14:58:18;13.06.04;14:58:18
41626;Walding                       ;2.873;1.481;51,55;53;3,58;1.428;96,42;560;39,22;453;31,72;41;2,87;198;13,87;8;0,56;168;11,76;13.06.04;15:49:46;13.06.04;15:49:46
41627;Zwettl an der Rodl            ;1.330;667;50,15;27;4,05;640;95,95;137;21,41;304;47,50;25;3,91;92;14,38;6;0,94;76;11,88;13.06.04;14:16:33;13.06.04;14:16:33
41700;Bezirk Vöcklabruck                   ;94.535;41.249;43,63;1.447;3,51;39.802;96,49;12.743;32,02;13.845;34,78;2.526;6,35;4.475;11,24;247;0,62;5.966;14,99;13.06.04;17:42:35;13.06.04;17:42:35
41701;Ampflwang im Hausruckwald     ;2.799;1.342;47,95;40;2,98;1.302;97,02;748;57,45;233;17,90;51;3,92;73;5,61;7;0,54;190;14,59;13.06.04;15:58:47;13.06.04;15:58:47
41702;Attersee                      ;1.184;635;53,63;10;1,57;625;98,43;145;23,20;260;41,60;52;8,32;89;14,24;5;0,80;74;11,84;13.06.04;16:54:25;13.06.04;16:54:25
41703;Attnang-Puchheim              ;6.241;2.416;38,71;71;2,94;2.345;97,06;998;42,56;503;21,45;147;6,27;286;12,20;33;1,41;378;16,12;13.06.04;14:43:43;13.06.04;14:43:43
41704;Atzbach                       ;865;384;44,39;15;3,91;369;96,09;53;14,36;216;58,54;16;4,34;35;9,49;4;1,08;45;12,20;13.06.04;14:43:22;13.06.04;14:43:22
41705;Aurach am Hongar              ;1.123;514;45,77;26;5,06;488;94,94;215;44,06;162;33,20;22;4,51;23;4,71;1;0,20;65;13,32;13.06.04;15:47:02;13.06.04;15:47:02
41706;Berg im Attergau              ;738;334;45,26;12;3,59;322;96,41;45;13,98;197;61,18;19;5,90;15;4,66;3;0,93;43;13,35;13.06.04;13:11:16;13.06.04;13:11:16
41707;Desselbrunn                   ;1.192;569;47,73;32;5,62;537;94,38;169;31,47;218;40,60;15;2,79;49;9,12;1;0,19;85;15,83;13.06.04;15:59:05;13.06.04;17:39:29
41708;Fornach                       ;645;309;47,91;18;5,83;291;94,17;43;14,78;165;56,70;22;7,56;23;7,90;3;1,03;35;12,03;13.06.04;13:34:14;13.06.04;13:34:14
41709;Frankenburg am Hausruck       ;3.788;1.645;43,43;86;5,23;1.559;94,77;641;41,12;457;29,31;96;6,16;116;7,44;9;0,58;240;15,39;13.06.04;16:29:10;13.06.04;16:29:10
41710;Frankenmarkt                  ;2.560;1.116;43,59;53;4,75;1.063;95,25;319;30,01;426;40,08;57;5,36;94;8,84;5;0,47;162;15,24;13.06.04;16:29:24;13.06.04;16:29:24
41711;Gampern                       ;1.898;725;38,20;23;3,17;702;96,83;206;29,34;276;39,32;39;5,56;100;14,25;6;0,85;75;10,68;13.06.04;16:02:23;13.06.04;16:02:23
41712;Innerschwand                  ;771;347;45,01;14;4,03;333;95,97;30;9,01;213;63,96;13;3,90;42;12,61;1;0,30;34;10,21;13.06.04;14:18:10;13.06.04;14:18:10
41713;Lenzing                       ;3.918;1.676;42,78;42;2,51;1.634;97,49;966;59,12;158;9,67;93;5,69;132;8,08;8;0,49;277;16,95;13.06.04;15:47:24;13.06.04;15:47:24
41714;Manning                       ;630;352;55,87;14;3,98;338;96,02;78;23,08;165;48,82;18;5,33;32;9,47;0;0,00;45;13,31;13.06.04;14:13:25;13.06.04;14:13:25
41715;Mondsee                       ;2.271;993;43,73;22;2,22;971;97,78;164;16,89;414;42,64;83;8,55;151;15,55;8;0,82;151;15,55;13.06.04;15:47:42;13.06.04;15:47:42
41716;Neukirchen an der Vöckla      ;1.914;786;41,07;23;2,93;763;97,07;216;28,31;284;37,22;61;7,99;82;10,75;4;0,52;116;15,20;13.06.04;15:39:53;13.06.04;15:39:53
41717;Niederthalheim                ;772;372;48,19;12;3,23;360;96,77;73;20,28;169;46,94;41;11,39;33;9,17;1;0,28;43;11,94;13.06.04;13:11:53;13.06.04;13:11:53
41718;Nußdorf am Attersee           ;786;468;59,54;7;1,50;461;98,50;66;14,32;212;45,99;61;13,23;62;13,45;2;0,43;58;12,58;13.06.04;13:12:15;13.06.04;13:12:15
41719;Oberhofen am Irrsee           ;1.004;481;47,91;20;4,16;461;95,84;127;27,55;211;45,77;22;4,77;43;9,33;3;0,65;55;11,93;13.06.04;15:59:28;13.06.04;15:59:28
41720;Oberndorf bei Schwanenstadt   ;1.071;483;45,10;13;2,69;470;97,31;148;31,49;138;29,36;39;8,30;65;13,83;3;0,64;77;16,38;13.06.04;15:15:37;13.06.04;15:15:37
41721;Oberwang                      ;1.141;483;42,33;33;6,83;450;93,17;37;8,22;328;72,89;24;5,33;14;3,11;0;0,00;47;10,44;13.06.04;13:48:09;13.06.04;13:48:09
41722;Ottnang am Hausruck           ;2.879;1.164;40,43;40;3,44;1.124;96,56;435;38,70;351;31,23;63;5,60;88;7,83;6;0,53;181;16,10;13.06.04;14:44:15;13.06.04;14:44:15
41723;Pfaffing                      ;1.036;420;40,54;22;5,24;398;94,76;156;39,20;136;34,17;9;2,26;35;8,79;1;0,25;61;15,33;13.06.04;15:48:05;13.06.04;15:48:05
41724;Pilsbach                      ;450;278;61,78;6;2,16;272;97,84;83;30,51;116;42,65;12;4,41;31;11,40;0;0,00;30;11,03;13.06.04;15:04:55;13.06.04;15:04:55
41725;Pitzenberg                    ;383;153;39,95;9;5,88;144;94,12;40;27,78;61;42,36;15;10,42;11;7,64;0;0,00;17;11,81;13.06.04;13:12:40;13.06.04;13:12:40
41726;Pöndorf                       ;1.706;626;36,69;28;4,47;598;95,53;201;33,61;256;42,81;28;4,68;27;4,52;4;0,67;82;13,71;13.06.04;15:05:19;13.06.04;15:05:19
41727;Puchkirchen am Trattberg      ;687;354;51,53;19;5,37;335;94,63;81;24,18;152;45,37;4;1,19;53;15,82;1;0,30;44;13,13;13.06.04;15:59:41;13.06.04;16:14:58
41728;Pühret                        ;444;212;47,75;11;5,19;201;94,81;42;20,90;102;50,75;7;3,48;15;7,46;1;0,50;34;16,92;13.06.04;13:13:05;13.06.04;13:13:05
41729;Redleiten                     ;338;131;38,76;6;4,58;125;95,42;30;24,00;50;40,00;7;5,60;6;4,80;1;0,80;31;24,80;13.06.04;13:13:30;13.06.04;13:13:30
41730;Redlham                       ;993;479;48,24;16;3,34;463;96,66;161;34,77;153;33,05;18;3,89;51;11,02;3;0,65;77;16,63;13.06.04;14:07:35;13.06.04;14:07:35
41731;Regau                         ;4.248;1.580;37,19;59;3,73;1.521;96,27;480;31,56;403;26,50;108;7,10;191;12,56;7;0,46;332;21,83;13.06.04;16:48:23;13.06.04;16:48:23
41732;Rüstorf                       ;1.465;575;39,25;27;4,70;548;95,30;193;35,22;179;32,66;45;8,21;57;10,40;0;0,00;74;13,50;13.06.04;15:40:10;13.06.04;15:40:10
41733;Rutzenham                     ;184;106;57,61;3;2,83;103;97,17;4;3,88;45;43,69;6;5,83;25;24,27;2;1,94;21;20,39;13.06.04;13:13:53;13.06.04;13:13:53
41734;St.Georgen im Attergau        ;2.775;1.052;37,91;25;2,38;1.027;97,62;237;23,08;389;37,88;108;10,52;118;11,49;3;0,29;172;16,75;13.06.04;16:29:40;13.06.04;16:29:40
41735;St.Lorenz                     ;1.490;639;42,89;18;2,82;621;97,18;116;18,68;300;48,31;34;5,48;83;13,37;1;0,16;87;14,01;13.06.04;14:25:24;13.06.04;14:25:24
41736;Schlatt                       ;959;432;45,05;20;4,63;412;95,37;119;28,88;168;40,78;31;7,52;37;8,98;0;0,00;57;13,83;13.06.04;13:27:59;13.06.04;13:27:59
41737;Schörfling am Attersee        ;2.436;1.010;41,46;19;1,88;991;98,12;307;30,98;270;27,25;96;9,69;137;13,82;9;0,91;172;17,36;13.06.04;16:48:40;13.06.04;16:48:40
41738;Schwanenstadt                 ;2.932;1.297;44,24;45;3,47;1.252;96,53;413;32,99;363;28,99;115;9,19;171;13,66;10;0,80;180;14,38;13.06.04;17:04:04;13.06.04;17:04:04
41739;Seewalchen am Attersee        ;3.755;1.593;42,42;58;3,64;1.535;96,36;491;31,99;440;28,66;117;7,62;225;14,66;9;0,59;253;16,48;13.06.04;17:42:35;13.06.04;17:42:35
41740;Steinbach am Attersee         ;677;537;79,32;12;2,23;525;97,77;132;25,14;218;41,52;34;6,48;62;11,81;23;4,38;56;10,67;13.06.04;15:15:56;13.06.04;15:15:56
41741;Straß im Attergau             ;1.078;442;41,00;30;6,79;412;93,21;61;14,81;217;52,67;55;13,35;26;6,31;1;0,24;52;12,62;13.06.04;14:44:43;13.06.04;14:44:43
41742;Tiefgraben                    ;2.328;895;38,45;43;4,80;852;95,20;134;15,73;446;52,35;64;7,51;99;11,62;3;0,35;106;12,44;13.06.04;14:13:57;13.06.04;14:13:57
41743;Timelkam                      ;4.328;1.785;41,24;72;4,03;1.713;95,97;764;44,60;375;21,89;65;3,79;195;11,38;7;0,41;307;17,92;13.06.04;16:38:48;13.06.04;16:38:48
41744;Ungenach                      ;996;476;47,79;18;3,78;458;96,22;71;15,50;259;56,55;20;4,37;46;10,04;3;0,66;59;12,88;13.06.04;16:00:00;13.06.04;16:00:00
41745;Unterach am Attersee          ;1.089;580;53,26;16;2,76;564;97,24;166;29,43;222;39,36;31;5,50;71;12,59;3;0,53;71;12,59;13.06.04;15:40:24;13.06.04;15:40:24
41746;Vöcklabruck                   ;8.806;4.096;46,51;131;3,20;3.965;96,80;1.274;32,13;1.165;29,38;249;6,28;653;16,47;27;0,68;597;15,06;13.06.04;16:33:54;13.06.04;16:33:54
41747;Vöcklamarkt                   ;3.395;1.365;40,21;36;2,64;1.329;97,36;380;28,59;521;39,20;80;6,02;135;10,16;4;0,30;209;15,73;13.06.04;16:09:50;13.06.04;16:09:50
41748;Weißenkirchen im Attergau     ;729;286;39,23;18;6,29;268;93,71;31;11,57;173;64,55;11;4,10;23;8,58;0;0,00;30;11,19;13.06.04;14:18:25;13.06.04;14:18:25
41749;Weyregg am Attersee           ;1.176;656;55,78;12;1,83;644;98,17;178;27,64;260;40,37;39;6,06;83;12,89;4;0,62;80;12,42;13.06.04;15:16:14;13.06.04;15:16:14
41750;Wolfsegg am Hausruck          ;1.528;705;46,14;14;1,99;691;98,01;294;42,55;220;31,84;27;3,91;63;9,12;5;0,72;82;11,87;13.06.04;13:18:02;13.06.04;13:18:02
41751;Zell am Moos                  ;1.053;505;47,96;14;2,77;491;97,23;72;14,66;271;55,19;20;4,07;59;12,02;1;0,20;68;13,85;13.06.04;13:53:01;13.06.04;13:53:01
41752;Zell am Pettenfirst           ;881;390;44,27;14;3,59;376;96,41;110;29,26;159;42,29;17;4,52;40;10,64;1;0,27;49;13,03;13.06.04;15:41:06;13.06.04;15:41:06
41800;Bezirk Wels-Land                     ;47.294;22.371;47,30;710;3,17;21.661;96,83;7.414;34,23;7.305;33,72;1.584;7,31;2.179;10,06;89;0,41;3.090;14,27;13.06.04;16:53:57;13.06.04;16:53:57
41801;Aichkirchen                   ;383;241;62,92;11;4,56;230;95,44;23;10,00;133;57,83;33;14,35;14;6,09;1;0,43;26;11,30;13.06.04;12:16:04;13.06.04;12:16:04
41802;Bachmanning                   ;457;241;52,74;6;2,49;235;97,51;69;29,36;75;31,91;36;15,32;31;13,19;1;0,43;23;9,79;13.06.04;12:17:21;13.06.04;12:17:21
41803;Bad Wimsbach-Neydharting      ;1.794;964;53,73;26;2,70;938;97,30;309;32,94;386;41,15;49;5,22;69;7,36;1;0,11;124;13,22;13.06.04;14:12:11;13.06.04;14:12:11
41804;Buchkirchen                   ;2.773;1.336;48,18;36;2,69;1.300;97,31;549;42,23;370;28,46;77;5,92;128;9,85;4;0,31;172;13,23;13.06.04;16:07:28;13.06.04;16:07:28
41805;Eberstalzell                  ;1.622;720;44,39;30;4,17;690;95,83;98;14,20;378;54,78;63;9,13;71;10,29;3;0,43;77;11,16;13.06.04;14:12:41;13.06.04;14:12:41
41806;Edt bei Lambach               ;1.518;745;49,08;27;3,62;718;96,38;221;30,78;258;35,93;56;7,80;74;10,31;3;0,42;106;14,76;13.06.04;13:45:14;13.06.04;13:45:14
41807;Fischlham                     ;963;507;52,65;19;3,75;488;96,25;118;24,18;226;46,31;26;5,33;33;6,76;2;0,41;83;17,01;13.06.04;14:18:25;13.06.04;14:18:25
41808;Gunskirchen                   ;3.976;1.831;46,05;53;2,89;1.778;97,11;649;36,50;560;31,50;138;7,76;178;10,01;9;0,51;244;13,72;13.06.04;14:33:49;13.06.04;14:33:49
41809;Holzhausen                    ;485;257;52,99;7;2,72;250;97,28;94;37,60;87;34,80;15;6,00;22;8,80;0;0,00;32;12,80;13.06.04;12:35:27;13.06.04;12:35:27
41810;Krenglbach                    ;2.087;1.060;50,79;31;2,92;1.029;97,08;416;40,43;297;28,86;69;6,71;114;11,08;2;0,19;131;12,73;13.06.04;15:08:31;13.06.04;15:08:31
41811;Lambach                       ;2.295;974;42,44;29;2,98;945;97,02;322;34,07;320;33,86;65;6,88;93;9,84;1;0,11;144;15,24;13.06.04;14:48:07;13.06.04;14:48:07
41812;Marchtrenk                    ;8.389;3.621;43,16;99;2,73;3.522;97,27;1.704;48,38;656;18,63;199;5,65;333;9,45;19;0,54;611;17,35;13.06.04;16:53:56;13.06.04;16:53:56
41813;Neukirchen bei Lambach        ;635;339;53,39;14;4,13;325;95,87;64;19,69;162;49,85;36;11,08;28;8,62;0;0,00;35;10,77;13.06.04;12:53:09;13.06.04;12:53:09
41814;Offenhausen                   ;1.072;492;45,90;23;4,67;469;95,33;113;24,09;196;41,79;62;13,22;44;9,38;0;0,00;54;11,51;13.06.04;13:55:38;13.06.04;13:55:38
41815;Pennewang                     ;650;416;64,00;11;2,64;405;97,36;62;15,31;224;55,31;20;4,94;36;8,89;2;0,49;61;15,06;13.06.04;13:07:59;13.06.04;13:07:59
41816;Pichl bei Wels                ;1.987;968;48,72;34;3,51;934;96,49;246;26,34;372;39,83;66;7,07;114;12,21;4;0,43;132;14,13;13.06.04;15:17:40;13.06.04;15:17:40
41817;Sattledt                      ;1.643;835;50,82;23;2,75;812;97,25;220;27,09;358;44,09;69;8,50;48;5,91;4;0,49;113;13,92;13.06.04;15:07:51;13.06.04;15:07:51
41818;Schleißheim                   ;737;340;46,13;6;1,76;334;98,24;113;33,83;110;32,93;25;7,49;42;12,57;2;0,60;42;12,57;13.06.04;12:39:09;13.06.04;12:39:09
41819;Sipbachzell                   ;1.299;568;43,73;12;2,11;556;97,89;134;24,10;253;45,50;48;8,63;47;8,45;1;0,18;73;13,13;13.06.04;13:55:26;13.06.04;13:55:26
41820;Stadl-Paura                   ;3.572;1.440;40,31;58;4,03;1.382;95,97;619;44,79;265;19,18;99;7,16;149;10,78;9;0,65;241;17,44;13.06.04;15:27:44;13.06.04;15:27:44
41821;Steinerkirchen an der Traun   ;1.662;846;50,90;27;3,19;819;96,81;143;17,46;470;57,39;41;5,01;68;8,30;4;0,49;93;11,36;13.06.04;13:54:56;13.06.04;13:54:56
41822;Steinhaus                     ;1.428;729;51,05;31;4,25;698;95,75;165;23,64;237;33,95;129;18,48;65;9,31;3;0,43;99;14,18;13.06.04;15:22:52;13.06.04;15:22:52
41823;Thalheim bei Wels             ;3.827;1.878;49,07;64;3,41;1.814;96,59;579;31,92;607;33,46;120;6,62;287;15,82;12;0,66;209;11,52;13.06.04;15:04:29;13.06.04;15:04:29
41824;Weißkirchen an der Traun      ;2.040;1.023;50,15;33;3,23;990;96,77;384;38,79;305;30,81;43;4,34;91;9,19;2;0,20;165;16,67;13.06.04;15:17:55;13.06.04;15:17:55